Age,Height,Weight,BMI,PhysicalActivityLevel,Gender_Male,ObesityCategory
-0.6569523691532331,-0.17289895244473885,1.1960188066854727,1.0941494878764753,-1.353145925442008,0.9252829253149278,1
-1.0444124288960563,0.12966375271754768,-0.5447128491616897,-0.5679467210681076,0.44654940349166833,-1.0807505171022596,0
1.0035907440302947,1.4255273186151796,-1.8674352413948982,-2.0159857658668106,0.44654940349166833,0.9252829253149278,3
0.5054278100752364,-0.7235260490110212,-0.43814641929530973,-0.08171165468143732,-1.353145925442008,-1.0807505171022596,0
0.7268335584997068,-0.7410382896100359,0.7808425304793781,1.0794228762899498,-1.353145925442008,-1.0807505171022596,1
-0.38019518362264515,0.2736373095325216,0.04844954654252574,-0.13274608903887902,0.44654940349166833,0.9252829253149278,0
0.2286706245446484,0.8959597439805389,-0.43436641649826324,-0.7813385151333447,-0.45329826097516984,0.9252829253149278,0
0.1179677503324132,-1.2731881828286205,0.11867587829119602,0.7736399851402027,1.3463970679585064,0.9252829253149278,2
0.7268335584997068,-1.1390669102422992,-1.115056812061917,-0.5381563271347442,-1.353145925442008,0.9252829253149278,0
-1.2104667402144091,0.11655840101493593,-1.8500664160797238,-1.671545923563025,-1.353145925442008,-1.0807505171022596,3
-1.0444124288960563,2.3575023125936023,0.32787357052713495,-0.7638828790576516,-1.353145925442008,-1.0807505171022596,0
1.0035907440302947,1.11634495988525,-0.8944257671785663,-1.2097639760054524,-1.353145925442008,-1.0807505171022596,3
0.8928878698180596,-0.023031868217875374,-0.8989543398173648,-0.8094523755530553,1.3463970679585064,0.9252829253149278,0
-1.1551153031082915,0.7723471711871313,0.437125269012313,-0.0496384712859144,1.3463970679585064,-1.0807505171022596,0
1.6124565521975882,-0.35434178199164135,-2.705813932048503,-2.3022688592519316,0.44654940349166833,0.9252829253149278,3
-0.7676552433654683,0.2616688256905568,1.8299988697947782,1.360239195438,0.44654940349166833,0.9252829253149278,1
0.06261631322629561,-0.8056057670688399,-0.11693308039761698,0.26600187682655085,-1.353145925442008,0.9252829253149278,2
-1.376521051532762,-1.4947128685904019,-0.8677683658384214,-0.11210471448023013,0.44654940349166833,-1.0807505171022596,0
0.6714821213935891,-0.3715845222171711,-0.6066029704637343,-0.4046516775799458,-0.45329826097516984,0.9252829253149278,0
-1.1551153031082915,1.4997199631562452,1.4335624499915025,0.3551860589682019,-0.45329826097516984,0.9252829253149278,2
-1.2104667402144091,-0.467561810617748,-0.8865396536259647,-0.6166057715088382,-0.45329826097516984,0.9252829253149278,0
-1.2104667402144091,-2.227657505079083,-0.18778235317470499,1.087200996909504,-1.353145925442008,-1.0807505171022596,1
0.1179677503324132,-0.026295425056595753,0.26370843940712546,0.19698985494456864,-0.45329826097516984,-1.0807505171022596,2
1.0035907440302947,0.04125102868389793,-0.2518879417465542,-0.2796663232450194,-1.353145925442008,-1.0807505171022596,0
0.8928878698180596,-1.1078828023292937,-0.5921531706745908,-0.034009158110443125,1.3463970679585064,-1.0807505171022596,0
-0.21414087230429238,-0.19300760496632602,0.10008861404410856,0.13976915369491127,1.3463970679585064,-1.0807505171022596,2
-0.546249494940998,-0.08343561718335375,0.8881345429718042,0.7701918095198146,0.44654940349166833,-1.0807505171022596,2
0.9482393069241771,-0.3151806757632844,-1.610611524523075,-1.3294263190349709,1.3463970679585064,0.9252829253149278,3
0.6161306842874715,-0.8968376744350439,-1.3830322728304159,-0.9044787482466632,1.3463970679585064,-1.0807505171022596,0
-1.1551153031082915,-0.3674804701729477,-0.06292785280928534,0.08375614658699923,0.44654940349166833,0.9252829253149278,2
0.39472493586300117,0.284188620627156,0.2024275580041611,-0.009450357878138376,-0.45329826097516984,-1.0807505171022596,0
1.1696450553486475,-2.3049974054724762,1.9503385151413397,3.6383630179059674,-0.45329826097516984,-1.0807505171022596,1
1.5571051150914708,-1.7629708981178358,-0.8165829906184434,0.08776490397165222,-0.45329826097516984,-1.0807505171022596,2
-0.04808656098593958,-0.37731466740494213,0.3847073666648037,0.49294235123091323,1.3463970679585064,-1.0807505171022596,2
-0.6016009320471155,0.540003268568831,-0.08254057067981617,-0.3597565754583791,-0.45329826097516984,-1.0807505171022596,0
-1.1551153031082915,-0.5422896597802705,0.7956728669775314,0.9661031114025623,1.3463970679585064,0.9252829253149278,1
1.391050803773118,2.974460050531459,0.09452257931303903,-1.111832498368854,1.3463970679585064,-1.0807505171022596,3
1.1696450553486475,-0.11317394191415349,-1.268669066712893,-1.096897064944037,1.3463970679585064,-1.0807505171022596,3
1.0035907440302947,0.978757231162385,-0.5436131471782969,-0.8959323412541516,0.44654940349166833,-1.0807505171022596,0
-1.6532782370633499,0.1286862980899206,0.5207251009254128,0.3363671564808356,1.3463970679585064,-1.0807505171022596,2
-0.9890609917899387,-0.15567148784895296,0.8720533812212844,0.7987493817301532,0.44654940349166833,0.9252829253149278,2
0.6714821213935891,0.35122356823943274,1.1706142792759833,0.7582391441491785,1.3463970679585064,0.9252829253149278,2
0.3393734987568836,-0.35549066083131503,-0.4757014732031243,-0.29403277250305676,-0.45329826097516984,-1.0807505171022596,0
0.1179677503324132,1.5629258664624752,-1.155566246996169,-1.5351737497006623,1.3463970679585064,-1.0807505171022596,3
1.2803479295608826,-0.6084429708701159,0.5197721202946776,0.7515058841652749,-1.353145925442008,0.9252829253149278,2
-0.546249494940998,0.6084611121789272,0.4578843220253772,0.04383196474203751,-0.45329826097516984,0.9252829253149278,2
1.0035907440302947,2.37119628440973,-1.8560714566003278,-2.2049964356085736,-1.353145925442008,0.9252829253149278,3
0.6161306842874715,-0.6972811648767498,-1.494373959230664,-1.0877629112074894,-0.45329826097516984,0.9252829253149278,3
0.1733191874385308,-0.23413472756645945,-0.5489400434806386,-0.414686807625253,1.3463970679585064,0.9252829253149278,0
-0.26949230941040997,-0.16475963570894953,0.549132191839479,0.5201818346329535,0.44654940349166833,0.9252829253149278,2
-1.0444124288960563,-0.8803617291396405,-0.4898000608731689,-0.0514627654740072,0.44654940349166833,0.9252829253149278,0
1.2249964924547652,0.1094909864050172,-1.0954556071154493,-1.027843516118154,-1.353145925442008,0.9252829253149278,0
-0.26949230941040997,0.8858385228694031,0.15195463439935672,-0.32276626302193495,1.3463970679585064,-1.0807505171022596,0
1.3356993666670003,-0.7627922352007782,0.8195239270285506,1.1302852993998158,1.3463970679585064,0.9252829253149278,1
0.8375364327119419,0.31012807316403407,0.35970803419281727,0.10866604037303916,1.3463970679585064,0.9252829253149278,2
-1.487223925744997,0.45909116040133924,0.5265647541386029,0.17212792992898074,1.3463970679585064,0.9252829253149278,2
0.1179677503324132,0.10863102772245034,2.7420944942809733,2.236123387358384,1.3463970679585064,0.9252829253149278,1
0.2286706245446484,-0.37278317180581494,0.33570815672894166,0.446177600218523,0.44654940349166833,0.9252829253149278,2
-0.8230066804715859,1.2528654890852977,0.07692882194816422,-0.5306039340568447,-0.45329826097516984,0.9252829253149278,0
-1.376521051532762,-0.3536129271792958,-0.6608017497983022,-0.4615292523334256,1.3463970679585064,-1.0807505171022596,0
1.1142936182425298,-0.7949690041737424,1.2517104328022128,1.5629231477731578,0.44654940349166833,0.9252829253149278,1
1.1142936182425298,-1.507316094371,-0.6240440842789465,0.1492408042122525,-0.45329826097516984,0.9252829253149278,2
-0.38019518362264515,0.05407886846449868,0.8986515876317699,0.6994900331443579,-1.353145925442008,0.9252829253149278,2
1.0589421811364124,-0.8686354701774005,1.024069185394268,1.3972554126752104,-0.45329826097516984,0.9252829253149278,1
1.501753677985353,1.947468812538841,-0.23232643388447632,-1.0025101315115716,-1.353145925442008,0.9252829253149278,0
1.1696450553486475,-1.0265333306993552,-1.088347914473622,-0.5627147286948999,0.44654940349166833,0.9252829253149278,0
-1.5425753628511147,-0.5925184641702024,1.4391751457951718,1.5947578823065591,-1.353145925442008,-1.0807505171022596,1
-0.9337095546838211,0.11738258064178991,-0.5788494648200826,-0.5918159049855134,0.44654940349166833,0.9252829253149278,0
1.0035907440302947,-0.855716612768588,-1.1848854826114121,-0.7308406131917198,-0.45329826097516984,-1.0807505171022596,0
-1.6532782370633499,0.3590174312004304,-0.6436704073893238,-0.7433780845913792,1.3463970679585064,0.9252829253149278,0
-0.10343799809205717,0.2799998344608676,-2.259186448075952,-2.0581020792027553,0.44654940349166833,-1.0807505171022596,3
0.7821849956058243,-0.2203931666766102,0.3515902640165925,0.37653947947011535,-1.353145925442008,0.9252829253149278,2
0.284022061650766,0.40651125774841096,0.0030283257273359997,-0.23120402598669143,-1.353145925442008,0.9252829253149278,0
-0.32484374651652753,1.2618901606875481,2.0813741806322916,0.9550487547585114,1.3463970679585064,0.9252829253149278,1
-1.0997638660021738,-1.5469196444683257,1.218072159194226,2.1070950633976744,1.3463970679585064,-1.0807505171022596,1
1.391050803773118,1.2430622145137515,0.6555356920584934,-0.09592995076344325,-0.45329826097516984,0.9252829253149278,0
1.0589421811364124,0.8786897840346057,0.07756756741370614,-0.37745465599957057,0.44654940349166833,-1.0807505171022596,0
-1.1551153031082915,0.48296735506961247,-0.9554700496580184,-1.044810233639963,1.3463970679585064,0.9252829253149278,3
0.1179677503324132,-0.20065267341772883,-0.12399025222497487,-0.05422493224245632,0.44654940349166833,-1.0807505171022596,0
1.5571051150914708,0.09969811349119154,-0.28596019796088806,-0.33511016337614385,0.44654940349166833,-1.0807505171022596,0
0.5054278100752364,2.130630864190995,-2.0320346908555345,-2.276415871173137,-1.353145925442008,0.9252829253149278,3
1.1142936182425298,-1.04171332560595,-0.9782062557761446,-0.4476439873830525,-1.353145925442008,-1.0807505171022596,0
1.3356993666670003,-0.27199865660128897,0.24182979428947252,0.3069013604674271,-0.45329826097516984,0.9252829253149278,2
-0.04808656098593958,-0.7223019171303692,1.2782508522892166,1.5363270087055363,1.3463970679585064,0.9252829253149278,1
-1.4318724886388794,-0.20502942359508403,-1.0906399385631986,-0.9063450298526687,-1.353145925442008,0.9252829253149278,0
-0.8783581175777035,-0.2538176426477349,-0.959904166767422,-0.7712802511666308,-1.353145925442008,0.9252829253149278,0
-0.38019518362264515,-2.0858785325595592,0.309679257101247,1.5493890558328376,-0.45329826097516984,-1.0807505171022596,1
0.7821849956058243,1.0005306608047007,-0.9910472111752792,-1.2462297785521577,0.44654940349166833,0.9252829253149278,3
-0.7123038062593507,-0.08610693650464823,-0.25753573093138726,-0.2259931096227251,0.44654940349166833,0.9252829253149278,0
-0.26949230941040997,-0.4937262624397842,0.6177784921828561,0.7727383769774623,0.44654940349166833,0.9252829253149278,2
-0.26949230941040997,-0.35136281497992883,-0.4320322819008718,-0.25664861845908926,1.3463970679585064,-1.0807505171022596,0
-0.9337095546838211,-1.230809824200796,0.5584475681548501,1.189919693420123,0.44654940349166833,-1.0807505171022596,1
-0.546249494940998,0.7764346486971817,0.12430681925373684,-0.2972680150583597,-1.353145925442008,0.9252829253149278,0
0.7268335584997068,0.6011373347900154,-0.25719210057484754,-0.5260622910239121,-0.45329826097516984,0.9252829253149278,0
1.0589421811364124,-0.29925566401881143,2.127680239401935,2.007726889381646,-0.45329826097516984,0.9252829253149278,1
1.501753677985353,-1.3151951372095643,0.874494772342581,1.5703147245255487,0.44654940349166833,-1.0807505171022596,1
-0.546249494940998,2.0081113037150513,-0.0877135007252295,-0.9234370428576718,0.44654940349166833,-1.0807505171022596,0
-1.1551153031082915,0.47731146978757166,0.3871677180831413,0.04966117108694236,0.44654940349166833,-1.0807505171022596,2
-0.6569523691532331,-2.6212150464728894,-0.7761238179513368,0.6646392100588882,-1.353145925442008,0.9252829253149278,2
-1.3211696144266443,0.6575822610851393,0.6751345796123033,0.19352640646322294,0.44654940349166833,-1.0807505171022596,2
0.06261631322629561,-1.5131356093674428,-0.510076170883598,0.2717080307624901,1.3463970679585064,-1.0807505171022596,2
1.1696450553486475,-0.4262636830586286,0.01984042609720341,0.18918730056480068,-0.45329826097516984,-1.0807505171022596,2
-0.6569523691532331,-2.257985042867465,-1.2238730220325285,-0.09185750953221133,-1.353145925442008,0.9252829253149278,0
-1.376521051532762,0.9842474321086694,0.3826818044265477,-0.1875361243008588,0.44654940349166833,0.9252829253149278,0
1.4464022408792354,1.0075870520284673,-0.9463343565271931,-1.2142777168073153,0.44654940349166833,0.9252829253149278,3
1.391050803773118,2.163844709610808,-1.301103840912395,-1.7911021120432438,-1.353145925442008,0.9252829253149278,3
-0.7676552433654683,0.4803380243025232,0.6549987511065946,0.2660535833357465,1.3463970679585064,-1.0807505171022596,2
1.0589421811364124,1.678489320834536,0.18755679672702008,-0.6144027616377764,1.3463970679585064,0.9252829253149278,0
-0.9337095546838211,-0.7555124941138232,0.3387238134102852,0.6701462274751556,0.44654940349166833,-1.0807505171022596,2
1.501753677985353,-2.102107577494783,0.2735493292909222,1.5210668679789057,-0.45329826097516984,-1.0807505171022596,1
1.391050803773118,-0.303171351086653,-1.4881214973761574,-1.2238615397824004,0.44654940349166833,0.9252829253149278,3
-0.7123038062593507,-0.11134292537556499,-1.5313476398634756,-1.3270276662429203,-0.45329826097516984,-1.0807505171022596,3
0.39472493586300117,-0.48306791863807447,1.7225786797695852,1.7771052488937937,-0.45329826097516984,0.9252829253149278,1
-1.0997638660021738,-0.0015888041296716086,0.4444926142383625,0.3401218661152739,1.3463970679585064,-1.0807505171022596,2
-0.26949230941040997,-1.5964245426736545,-1.4505805251519164,-0.6747407460053402,-0.45329826097516984,0.9252829253149278,0
1.5571051150914708,-1.26963396728543,1.086011463598966,1.7508770332087122,1.3463970679585064,0.9252829253149278,1
-0.15878943519817476,-1.2708326487120396,-0.2532381751173539,0.395501712068619,1.3463970679585064,-1.0807505171022596,2
-0.10343799809205717,0.9367904316163477,-0.18669266417232586,-0.6055821342589056,1.3463970679585064,-1.0807505171022596,0
-1.4318724886388794,1.043452587799287,-0.6875483640854556,-1.0286763472692135,1.3463970679585064,0.9252829253149278,0
1.4464022408792354,2.070365361680754,0.4181347859615886,-0.6006308875840357,-1.353145925442008,-1.0807505171022596,0
-1.376521051532762,-0.03705528885391243,-0.5187665876679453,-0.4748329626199274,-0.45329826097516984,0.9252829253149278,0
-1.5425753628511147,-1.7869355296526026,0.06879280516590607,1.062383034474483,0.44654940349166833,0.9252829253149278,1
1.2249964924547652,-0.31717200915380794,-1.9174578138951834,-1.603728951708798,1.3463970679585064,-1.0807505171022596,3
-1.1551153031082915,0.16047046156802477,1.4561936563500184,1.1102643646102897,-0.45329826097516984,0.9252829253149278,1
-1.0997638660021738,-0.47399999588534764,1.3536847521082493,1.4333902194587889,0.44654940349166833,-1.0807505171022596,1
-0.38019518362264515,0.01794518244196513,0.6250049750135894,0.48497620802389424,1.3463970679585064,-1.0807505171022596,2
0.3393734987568836,-0.25968174173984454,-0.23577058674810394,-0.12463453563618516,-0.45329826097516984,-1.0807505171022596,0
0.007264876120178013,0.7534230118441847,-1.8318816698507039,-1.828133329864787,-1.353145925442008,0.9252829253149278,3
-1.7086296741694673,0.6401241831831601,1.6869958686783115,1.0098251804098406,1.3463970679585064,-1.0807505171022596,1
-1.4318724886388794,-0.7202343645751415,-0.16526920568760198,0.1739055651438208,1.3463970679585064,0.9252829253149278,2
-1.2658181773205266,0.7483324118853267,0.9962872558567651,0.4021866214297386,1.3463970679585064,-1.0807505171022596,2
-1.5425753628511147,-2.37319580406939,1.8393674406285532,3.5822680324267946,-0.45329826097516984,-1.0807505171022596,1
-1.2658181773205266,-0.24256033451407824,1.3617516662882332,1.285476631849163,0.44654940349166833,0.9252829253149278,1
-0.38019518362264515,0.22958154304882286,1.4935630492160712,1.0990434323416878,-0.45329826097516984,0.9252829253149278,1
0.3393734987568836,0.3373140693909023,0.038843064240734554,-0.17019865757226402,1.3463970679585064,0.9252829253149278,0
-1.2104667402144091,-1.0340964046824954,-1.5925823250247342,-1.0543391520407213,0.44654940349166833,-1.0807505171022596,3
-0.21414087230429238,-1.0395801818028885,-2.0854904217487653,-1.5364757834768419,-1.353145925442008,-1.0807505171022596,3
-0.43554662072876277,1.3171728668706209,0.48932203413150926,-0.2513897845298846,1.3463970679585064,0.9252829253149278,0
-0.38019518362264515,-0.8378483634577747,-1.7853034145113582,-1.313054598858282,0.44654940349166833,-1.0807505171022596,3
-1.376521051532762,-0.40433666286663433,-0.08285398589588817,0.08462865354980623,0.44654940349166833,-1.0807505171022596,2
0.1179677503324132,0.35700718087040695,-0.9835490243899528,-1.0231328980282326,0.44654940349166833,0.9252829253149278,0
-0.8230066804715859,-0.14585062683792327,1.2547823377290257,1.128701312225608,-0.45329826097516984,0.9252829253149278,1
-1.763981111275585,0.4212789247747147,-0.30465751841564565,-0.4898793507946608,1.3463970679585064,-1.0807505171022596,0
1.501753677985353,0.644964753379275,-0.01584184206825064,-0.35145835893755517,-0.45329826097516984,0.9252829253149278,0
0.39472493586300117,-0.6980618457425244,1.3499107003185433,1.5865584926326322,-0.45329826097516984,-1.0807505171022596,1
-0.7123038062593507,0.660315345210968,1.0015777387445397,0.45212642651521706,1.3463970679585064,0.9252829253149278,2
1.391050803773118,0.5213813901808739,0.07042249295120748,-0.22788600008109258,1.3463970679585064,0.9252829253149278,0
1.391050803773118,0.27928423625250215,0.4912174154117382,0.2335063596442716,0.44654940349166833,-1.0807505171022596,2
-1.487223925744997,0.1386438806525851,-1.1305060403400415,-1.0680736717770112,-1.353145925442008,-1.0807505171022596,3
-1.2658181773205266,-0.21791011605359584,0.0981496016108391,0.1508594326684287,0.44654940349166833,0.9252829253149278,2
1.2249964924547652,1.5527866361657041,0.23643643310889884,-0.5314349887139657,-1.353145925442008,0.9252829253149278,0
0.3393734987568836,-0.8494414628131519,-0.8718519905639547,-0.4334354679693965,1.3463970679585064,0.9252829253149278,0
1.501753677985353,0.5793075049686519,-0.43288058164255183,-0.6583199190147643,-1.353145925442008,0.9252829253149278,0
-0.38019518362264515,-0.010131813855625267,1.1954122129969147,0.9925824423554195,0.44654940349166833,-1.0807505171022596,1
0.007264876120178013,-1.2645054645489804,-0.6226780459939901,0.017984665283985707,1.3463970679585064,-1.0807505171022596,2
-1.763981111275585,-0.04728909328311426,-0.4248380292578236,-0.38898399153889546,0.44654940349166833,-1.0807505171022596,0
-1.487223925744997,1.5192519208813888,-1.1801720646416403,-1.5408216402622064,0.44654940349166833,-1.0807505171022596,3
-1.6532782370633499,-0.5543656583897352,0.3383804885682361,0.5515511849994542,0.44654940349166833,0.9252829253149278,2
-1.6532782370633499,-0.05698219827811134,0.7331965884428319,0.620249303401525,1.3463970679585064,-1.0807505171022596,2
0.1179677503324132,0.4396551179201722,1.9547156206660599,1.3490710165181428,1.3463970679585064,-1.0807505171022596,1
-1.4318724886388794,0.5418731433460244,0.5476727487099785,0.14832550568866892,-0.45329826097516984,0.9252829253149278,2
1.2249964924547652,0.8940463858055937,-0.4775484280623768,-0.8140848977437115,1.3463970679585064,0.9252829253149278,0
-0.49089805783488033,1.325455663696043,-1.2943675754747304,-1.5706188704549575,-1.353145925442008,0.9252829253149278,3
0.007264876120178013,0.1557536989903618,-0.19467088881680603,-0.28280946242422944,0.44654940349166833,0.9252829253149278,0
-0.49089805783488033,-0.6335980560252978,-0.20895820417946892,0.0872237696010219,-1.353145925442008,-1.0807505171022596,2
1.501753677985353,0.6104008207181583,1.1991320526898486,0.6366383513324967,1.3463970679585064,0.9252829253149278,2
-0.7123038062593507,0.22914196281112642,-2.910975020033605,-2.592409708217825,0.44654940349166833,0.9252829253149278,3
-0.04808656098593958,0.08103119040560702,-0.7648734166265443,-0.7354227312169388,0.44654940349166833,0.9252829253149278,0
1.0589421811364124,1.9675344021092516,-0.17845663495474154,-0.9720878783035513,1.3463970679585064,0.9252829253149278,0
0.6714821213935891,-2.6666112671367457,-0.43341630814947313,1.1169114669597107,-0.45329826097516984,-1.0807505171022596,1
-0.6016009320471155,0.5769235995168657,0.381517534069286,-0.002474309100172817,0.44654940349166833,0.9252829253149278,0
0.6161306842874715,1.170391697305914,0.8437582974933853,0.07787968589500652,-0.45329826097516984,-1.0807505171022596,2
-1.2104667402144091,0.07849335860984857,1.2305988563060004,0.9688603758836659,0.44654940349166833,0.9252829253149278,1
0.1179677503324132,-0.9664376595015184,-0.93414657101376,-0.4395081787528114,-1.353145925442008,-1.0807505171022596,0
1.5571051150914708,1.3001386443536713,1.34477752095747,0.38868318375299743,0.44654940349166833,0.9252829253149278,2
-1.3211696144266443,2.181170223095758,1.5663841518052442,0.12947327358200136,1.3463970679585064,0.9252829253149278,2
1.501753677985353,-0.6586664531434153,-0.43643672784967674,-0.11248258002206125,-1.353145925442008,0.9252829253149278,0
-0.26949230941040997,0.651532723991728,1.8823930464855718,1.1588557929936276,-1.353145925442008,-1.0807505171022596,1
-0.6569523691532331,1.3977809939549581,0.07461481122253731,-0.5888467371907531,0.44654940349166833,0.9252829253149278,0
0.5054278100752364,-0.21705269979634725,1.3688419759382466,1.2750441038221478,-0.45329826097516984,-1.0807505171022596,1
-1.763981111275585,1.0829427459737124,-0.8147243733322113,-1.1385930936242494,1.3463970679585064,0.9252829253149278,3
0.1179677503324132,0.5496048643094674,-1.2208459825886717,-1.2822282342125926,0.44654940349166833,-1.0807505171022596,3
1.0589421811364124,-0.1079157208934074,1.0793972358671007,0.9516083704237324,-1.353145925442008,0.9252829253149278,1
-0.43554662072876277,-0.4045685862419818,-0.19794223398555433,-0.0195149709459979,-0.45329826097516984,0.9252829253149278,0
1.3356993666670003,2.275316319194818,0.5954122562496725,-0.5574147740280002,0.44654940349166833,0.9252829253149278,0
0.7821849956058243,-0.37080596581808556,-0.38004423700711504,-0.20061918640044077,-0.45329826097516984,-1.0807505171022596,0
-0.6016009320471155,-0.5379559923331616,-0.3549200971640425,-0.09659985805244647,-1.353145925442008,0.9252829253149278,0
-0.43554662072876277,1.9398024780171423,-1.9532789832006865,-2.1857546138878066,-1.353145925442008,0.9252829253149278,3
-1.5425753628511147,1.1096970072810397,0.07934936272908415,-0.4715208960878678,1.3463970679585064,-1.0807505171022596,0
0.8375364327119419,1.1108598461737742,-0.8162723475270275,-1.1489339267996592,-0.45329826097516984,0.9252829253149278,3
-1.3211696144266443,0.8080619599312112,-0.15832325489917917,-0.5321410620648298,-0.45329826097516984,0.9252829253149278,0
-0.26949230941040997,0.7097899167251486,1.4197389674840748,0.7573729960558144,1.3463970679585064,0.9252829253149278,2
0.560779247181354,1.5721940981317597,1.4553454426786536,0.33561742347470397,-0.45329826097516984,-1.0807505171022596,2
-1.0444124288960563,-0.5294486777015962,-0.5945829307566236,-0.3213544388396073,0.44654940349166833,-1.0807505171022596,0
-0.15878943519817476,-0.6691990319280158,1.798127790814142,1.985848830188227,-0.45329826097516984,0.9252829253149278,1
1.0035907440302947,0.5884642138820055,1.3597301009119782,0.777637497303179,-0.45329826097516984,-1.0807505171022596,2
0.7268335584997068,0.7600658820928309,-0.025116758118759287,-0.40777413365699183,-1.353145925442008,0.9252829253149278,0
-0.32484374651652753,1.6043218229728793,-0.7247545469576084,-1.2385642007211843,0.44654940349166833,0.9252829253149278,3
-0.546249494940998,-2.711537983161624,-0.7413777372329041,0.7696423332730813,-1.353145925442008,0.9252829253149278,2
-0.04808656098593958,-1.3013654549593774,0.4793247625281392,1.1582607223652654,-1.353145925442008,-1.0807505171022596,1
0.6161306842874715,-0.21741207131869988,-1.7108020956768022,-1.450481207770433,-0.45329826097516984,0.9252829253149278,3
0.1179677503324132,0.6991285813645067,0.5361391290139826,0.0629050603284631,-1.353145925442008,-1.0807505171022596,2
-0.9890609917899387,-0.2295511438601418,-0.5697925598042842,-0.4352131522010279,0.44654940349166833,-1.0807505171022596,0
-1.763981111275585,-0.07352132101580018,0.8938037458335885,0.7693074844449197,-1.353145925442008,-1.0807505171022596,2
1.1142936182425298,-0.7484134269259196,-1.0166545817965067,-0.6165705809823415,-1.353145925442008,0.9252829253149278,0
1.5571051150914708,-0.9584645213161821,-0.44478474299364074,0.03252515635162075,-1.353145925442008,-1.0807505171022596,2
-1.0444124288960563,-0.39812333798753113,-0.45700501728436543,-0.25724047095001773,1.3463970679585064,0.9252829253149278,0
1.0589421811364124,0.3227638918393288,-0.06842093020877589,-0.2524007411453751,1.3463970679585064,0.9252829253149278,0
1.2249964924547652,0.8871653040073385,0.03818612149349207,-0.41156472798809646,1.3463970679585064,-1.0807505171022596,0
-0.8783581175777035,-2.386126423715979,1.0160397690174732,2.6244008935221257,-0.45329826097516984,-1.0807505171022596,1
0.5054278100752364,-0.5336513529890171,0.38167772829216584,0.5794923730352517,0.44654940349166833,0.9252829253149278,2
-0.7123038062593507,-0.9245126497676432,0.3414775779906391,0.7757751196968622,0.44654940349166833,0.9252829253149278,2
0.1733191874385308,-1.0627543637719947,-0.21494483772228046,0.31428616327111897,0.44654940349166833,0.9252829253149278,2
-0.49089805783488033,-0.6853713396239407,0.29096702846719885,0.583559903135089,1.3463970679585064,-1.0807505171022596,2
-0.10343799809205717,-0.258665853716261,0.18722270858411788,0.2511796777777467,-0.45329826097516984,0.9252829253149278,2
0.7268335584997068,-0.6601017502037967,0.9944899191125603,1.2270180936059736,1.3463970679585064,0.9252829253149278,1
0.8928878698180596,1.2713977390288544,-0.961391777691849,-1.308509764243786,-0.45329826097516984,0.9252829253149278,3
-0.8783581175777035,1.7549596452825844,0.06579417306372481,-0.7286234787937809,-1.353145925442008,0.9252829253149278,0
-0.38019518362264515,0.6791767458465531,-0.036908183502814614,-0.3828693680539717,-0.45329826097516984,0.9252829253149278,0
0.007264876120178013,-0.5082035353774685,-0.39571103006648495,-0.14870676730525667,0.44654940349166833,0.9252829253149278,0
-0.49089805783488033,0.1618220477990183,0.48027140892225856,0.2847773248570699,-1.353145925442008,0.9252829253149278,2
0.1179677503324132,-1.145130589954841,-0.5827948711960804,-0.005208045022938215,-0.45329826097516984,0.9252829253149278,0
-0.04808656098593958,-0.48839387980574306,0.048410420420797094,0.24826396873228812,-1.353145925442008,0.9252829253149278,2
0.6161306842874715,-1.2763589620158216,-0.8611494065130708,-0.21736832176190202,1.3463970679585064,0.9252829253149278,0
-0.6016009320471155,-0.9109529841098886,0.0787491679099432,0.5135416295300674,0.44654940349166833,0.9252829253149278,2
0.8375364327119419,0.6651701996431911,0.5771558667149934,0.11180525357811698,-0.45329826097516984,-1.0807505171022596,2
-0.8783581175777035,0.9322199953340544,0.9480158590658982,0.27165057169597917,-0.45329826097516984,0.9252829253149278,2
-0.8230066804715859,1.1435866460178876,2.9007317556341286,1.6393385323504719,0.44654940349166833,0.9252829253149278,1
-1.5425753628511147,0.7941991226285601,-1.7131886442913427,-1.7454521995875076,-0.45329826097516984,0.9252829253149278,3
-1.1551153031082915,0.25124790488016185,-0.4217174918715814,-0.5153220498180319,-0.45329826097516984,-1.0807505171022596,0
-1.7086296741694673,-0.5757821385128616,-0.009394068684621044,0.24200872258286435,1.3463970679585064,0.9252829253149278,2
0.8375364327119419,1.0177137301094044,-1.3554944094882362,-1.530111701558393,-1.353145925442008,0.9252829253149278,3
0.5054278100752364,1.0617488183667159,0.9138167991186866,0.18225381994041812,-1.353145925442008,-1.0807505171022596,2
-1.5979267999572322,-1.3922046809036301,-0.6745698428085878,0.03355635587243798,-0.45329826097516984,0.9252829253149278,2
0.2286706245446484,-1.362444032992376,0.40905992110311723,1.128373479246281,1.3463970679585064,-1.0807505171022596,1
-1.2104667402144091,0.9746575132617851,0.9296680946791207,0.23663548080323188,-1.353145925442008,0.9252829253149278,2
-1.0444124288960563,1.1637980564205959,-0.5476659522839332,-0.964397805274201,1.3463970679585064,-1.0807505171022596,0
1.6124565521975882,3.02063787201248,-2.3899242862714454,-2.6521255318747543,-1.353145925442008,0.9252829253149278,3
1.6124565521975882,-0.42049812304124456,1.7257301708164616,1.7346635598262334,-1.353145925442008,0.9252829253149278,1
-0.43554662072876277,0.08353070310034325,0.4749625483617944,0.32121970918146275,-0.45329826097516984,-1.0807505171022596,2
-0.26949230941040997,-1.9602925328635712,0.11335098430408157,1.2346653035741608,-1.353145925442008,0.9252829253149278,1
-1.5979267999572322,-0.5538234464512541,0.6302123466090876,0.8206265330149234,0.44654940349166833,-1.0807505171022596,1
-0.26949230941040997,-0.35679370395765453,-0.5625726182761329,-0.3716592501732941,0.44654940349166833,0.9252829253149278,0
0.1733191874385308,-0.009735801401127219,-0.5534445567451146,-0.5165530782483754,0.44654940349166833,-1.0807505171022596,0
-0.6016009320471155,-1.4337562127915373,-0.2687147757239192,0.4761080620662737,0.44654940349166833,-1.0807505171022596,2
1.0589421811364124,-1.1582923062721338,0.02187985783574238,0.6050780945251738,1.3463970679585064,-1.0807505171022596,2
-0.6016009320471155,-0.05816895902356433,0.7753295901181445,0.6574908319337532,-0.45329826097516984,-1.0807505171022596,2
-1.0444124288960563,0.2784644181544483,0.3663704677413169,0.12990052103772726,1.3463970679585064,0.9252829253149278,2
1.0589421811364124,0.8690887332650605,-0.23802167548603068,-0.618669114657347,-1.353145925442008,0.9252829253149278,0
1.2803479295608826,-1.7154664267286677,-2.012211710794796,-1.2240878140953575,-0.45329826097516984,0.9252829253149278,3
0.9482393069241771,-0.7417892861702513,0.8360399517765669,1.1320957355895946,1.3463970679585064,-1.0807505171022596,1
-0.7676552433654683,0.34311516102431266,-1.5685571684126087,-1.5018380884252767,0.44654940349166833,-1.0807505171022596,3
0.284022061650766,0.15031218321233467,-0.8153097730829787,-0.8055203453308353,-0.45329826097516984,-1.0807505171022596,0
1.6124565521975882,0.015232572328519944,1.5823851610682305,1.3099686991410857,1.3463970679585064,-1.0807505171022596,1
-1.487223925744997,1.5045127493408155,0.2810786090574316,-0.4803382948286784,-1.353145925442008,-1.0807505171022596,0
1.3356993666670003,-0.7598862953460843,-1.8590093218588999,-1.4097891051637992,1.3463970679585064,0.9252829253149278,3
-1.376521051532762,-0.553600408050926,-1.548704626409682,-1.1907970365939033,-0.45329826097516984,-1.0807505171022596,3
-0.7676552433654683,-0.6647804147846967,0.44011226336978787,0.7111484750486694,-0.45329826097516984,-1.0807505171022596,2
-1.3211696144266443,0.3060978108800773,-0.19820366447543447,-0.3526631686076206,-1.353145925442008,-1.0807505171022596,0
0.4500763729691188,-1.0281489316616086,-2.899209138419257,-2.3384042417053648,-0.45329826097516984,0.9252829253149278,3
0.7821849956058243,-0.13545469528956774,-0.062058720981606905,-0.03167491192240924,0.44654940349166833,0.9252829253149278,0
0.39472493586300117,-0.5999122531767127,-1.2523080167682283,-0.8990023416932624,-0.45329826097516984,-1.0807505171022596,0
-0.38019518362264515,-0.19785002449155165,0.5125110901955796,0.5064041331538972,0.44654940349166833,0.9252829253149278,2
0.1733191874385308,1.6398644506028646,-0.06923138899813855,-0.7826824478144807,1.3463970679585064,0.9252829253149278,0
0.8928878698180596,0.048468126289668394,0.3056793810684894,0.1947161450940988,1.3463970679585064,0.9252829253149278,2
-0.10343799809205717,0.18054813008844012,0.0763187322796873,-0.06550353265673663,1.3463970679585064,0.9252829253149278,0
-0.6569523691532331,-0.24647584992997446,-0.27295000763091787,-0.16402321733797717,0.44654940349166833,-1.0807505171022596,0
-1.0444124288960563,1.4476104715545195,-0.4983536579595162,-1.0248365312058876,1.3463970679585064,-1.0807505171022596,0
1.391050803773118,0.8907100466257267,-1.9760728222444752,-1.9745283718317665,-0.45329826097516984,0.9252829253149278,3
0.1179677503324132,-1.1850808598966658,-0.1364005794812854,0.4628822297655787,1.3463970679585064,-1.0807505171022596,2
0.1179677503324132,2.161500917411839,-0.30003954016532947,-1.1171771141460578,1.3463970679585064,-1.0807505171022596,3
0.5054278100752364,0.5176592394890301,2.4608164817089944,1.709528026722694,1.3463970679585064,-1.0807505171022596,1
1.1142936182425298,0.9595529114676377,-1.4335642377323359,-1.573462431758317,1.3463970679585064,0.9252829253149278,3
1.6124565521975882,0.9858231775866804,0.0028766231494349484,-0.47944677215633186,-0.45329826097516984,-1.0807505171022596,0
-0.04808656098593958,-1.7909520949888362,-1.1904327367158525,-0.30255569802573373,1.3463970679585064,0.9252829253149278,0
1.4464022408792354,2.387015353529638,0.5209333340703171,-0.6473356614488254,1.3463970679585064,-1.0807505171022596,0
1.3356993666670003,-0.299819481725362,0.9189750067337914,0.9273503402342573,1.3463970679585064,-1.0807505171022596,1
-1.6532782370633499,2.146105214338217,1.5027590282671466,0.10230166829851366,-1.353145925442008,0.9252829253149278,2
-1.763981111275585,-0.10100305641835193,0.5865079556792194,0.5173554645577257,0.44654940349166833,0.9252829253149278,2
-0.26949230941040997,1.1549049771799815,-1.0358827477930672,-1.328464875091029,1.3463970679585064,-1.0807505171022596,3
-0.04808656098593958,0.2425759058909985,-0.4017796601028298,-0.4949871031016799,0.44654940349166833,0.9252829253149278,0
1.1696450553486475,0.3873169613389931,-0.5891015743503757,-0.7095279240581079,-1.353145925442008,0.9252829253149278,0
-0.546249494940998,-1.9460838390970996,-1.2178420889238823,-0.2527868767791244,-1.353145925442008,-1.0807505171022596,0
1.6124565521975882,-1.027423487824103,0.20724084874230037,0.7085100009392342,1.3463970679585064,-1.0807505171022596,2
0.7268335584997068,0.2835104665292241,1.2210760535428236,0.8391106374285229,1.3463970679585064,-1.0807505171022596,1
-0.9337095546838211,0.6062836066037898,-0.8335898224020836,-0.9900880492259878,-1.353145925442008,0.9252829253149278,0
1.501753677985353,-1.5407545429406109,-0.2693858191599698,0.5403656925723903,0.44654940349166833,0.9252829253149278,2
1.4464022408792354,0.15348476960239485,0.33020181686879124,0.16217671180135354,-0.45329826097516984,0.9252829253149278,2
0.6161306842874715,-1.2997949112330498,0.09419307283074042,0.7656532996776819,-1.353145925442008,0.9252829253149278,2
0.9482393069241771,-1.1546387973115944,0.8407497197835612,1.419549978755398,-0.45329826097516984,0.9252829253149278,1
-1.6532782370633499,-0.512196257684328,1.2145114758371978,1.3318404090381957,1.3463970679585064,-1.0807505171022596,1
0.2286706245446484,-0.711375870636182,-0.5742250315132074,-0.21595670299081088,-1.353145925442008,0.9252829253149278,0
-0.49089805783488033,-1.3565852278401331,-0.46458946380573807,0.2294771322798084,0.44654940349166833,-1.0807505171022596,2
-1.2658181773205266,-0.4548669755617787,-0.059594849200153836,0.13187699272957457,-1.353145925442008,0.9252829253149278,2
0.007264876120178013,-1.1078788453083708,-0.4421893565899375,0.11463908170615772,1.3463970679585064,-1.0807505171022596,2
-1.763981111275585,-0.12190517903182073,0.9730591130926527,0.8671378119365665,-1.353145925442008,-1.0807505171022596,1
0.06261631322629561,-1.8075853388345817,0.6334577614918597,1.6914965804275235,-0.45329826097516984,0.9252829253149278,1
0.007264876120178013,0.2980109615336307,-1.7401014060683724,-1.6308302100704053,0.44654940349166833,0.9252829253149278,3
-0.32484374651652753,-0.896240305291752,-0.05510963885074005,0.3758581929477725,-1.353145925442008,0.9252829253149278,2
1.391050803773118,-1.2869411289989294,-0.39362652207333504,0.26243785265145675,1.3463970679585064,0.9252829253149278,2
1.2249964924547652,-1.1570538631881864,-1.4316013467952682,-0.8457406925492372,-1.353145925442008,0.9252829253149278,0
-1.6532782370633499,-0.046602791561517976,-1.8864788432923092,-1.6560712365676262,-1.353145925442008,-1.0807505171022596,3
-0.7123038062593507,1.494847855094924,-0.3027502161822189,-0.8990495239403125,-1.353145925442008,-1.0807505171022596,0
-0.9337095546838211,-0.5041663141442732,-0.47720990153321413,-0.22543337425787946,-1.353145925442008,-1.0807505171022596,0
-0.7676552433654683,2.262808777266111,2.57430613713086,0.763901517102599,-0.45329826097516984,-1.0807505171022596,2
0.4500763729691188,0.16776390856277523,0.2340336370201098,0.07377104712934175,-0.45329826097516984,0.9252829253149278,2
-0.04808656098593958,0.512324914198387,0.5286636550667426,0.14749286058556355,-1.353145925442008,-1.0807505171022596,2
-0.49089805783488033,-0.4717698847496761,0.6463259651413641,0.7856196168309457,-0.45329826097516984,0.9252829253149278,2
0.9482393069241771,-1.1886422233023672,-0.18213028992813426,0.4191687175539576,-1.353145925442008,0.9252829253149278,2
0.1733191874385308,1.6074712973328231,0.9504203060776545,-0.04229196551004749,0.44654940349166833,0.9252829253149278,0
0.6161306842874715,0.5927195944707511,-0.8966854737473636,-1.0358978107338856,-1.353145925442008,0.9252829253149278,0
-0.546249494940998,0.04004342200351005,-0.731025879555207,-0.6900106078411206,0.44654940349166833,-1.0807505171022596,0
-0.7123038062593507,0.947160125833911,1.3131016764122172,0.5454452853748922,0.44654940349166833,0.9252829253149278,2
1.1142936182425298,1.2438057870965769,0.4291777927669312,-0.2647796155346467,-1.353145925442008,0.9252829253149278,0
-0.9337095546838211,0.768723499426551,-0.7737092377871092,-1.0000152107674185,-1.353145925442008,-1.0807505171022596,0
1.6124565521975882,0.6614297862288129,0.922153318640711,0.3883044420687348,0.44654940349166833,-1.0807505171022596,2
-1.487223925744997,-0.34782066922356336,0.7679728571482098,0.821141910294145,1.3463970679585064,0.9252829253149278,1
-1.5425753628511147,-1.142349954264725,1.732042484931096,2.298278124841658,-0.45329826097516984,0.9252829253149278,1
-1.7086296741694673,-1.4848223687406876,0.09413892068533022,0.8850351511774995,1.3463970679585064,-1.0807505171022596,1
-1.7086296741694673,-2.5583465375942893,0.8016317784687585,2.531336323364649,-0.45329826097516984,0.9252829253149278,1
-1.4318724886388794,1.1218059812063574,0.35213017516162615,-0.27050067181662923,-1.353145925442008,-1.0807505171022596,0
-0.10343799809205717,1.6598415652998646,1.3517108801666249,0.21982565388382824,0.44654940349166833,-1.0807505171022596,2
0.1733191874385308,-0.31766969381677274,0.48222652850142916,0.5469363240641418,-0.45329826097516984,-1.0807505171022596,2
0.007264876120178013,0.7661005488248882,0.9983467461674572,0.3946607551117901,1.3463970679585064,-1.0807505171022596,2
-0.6016009320471155,-1.8306982145278055,-0.8267712984813499,0.11490169060816963,0.44654940349166833,0.9252829253149278,2
-0.6016009320471155,0.8162022863717012,-1.2134139752469795,-1.3604582277138406,1.3463970679585064,-1.0807505171022596,3
1.5571051150914708,1.9384187684229457,-1.5720994666017991,-1.9227995814013736,-0.45329826097516984,0.9252829253149278,3
0.3393734987568836,1.4611230132463116,0.3041578375484564,-0.44636608846201703,-1.353145925442008,0.9252829253149278,0
-0.9337095546838211,-0.8373311771686252,-1.520691380043252,-1.0599862142370446,1.3463970679585064,-1.0807505171022596,3
-1.5979267999572322,1.9364156846224831,-1.8378296557578335,-2.1055023617411495,-1.353145925442008,-1.0807505171022596,3
-1.487223925744997,-0.5785280114780813,0.3693245319841259,0.5941735383890243,0.44654940349166833,0.9252829253149278,2
-1.3211696144266443,0.15626333356687022,0.33354158311330095,0.16359774749623016,-1.353145925442008,-1.0807505171022596,2
0.3393734987568836,1.2023873536811511,-0.1609201962389459,-0.6884859438447813,-0.45329826097516984,0.9252829253149278,0
-1.7086296741694673,1.8729538982764156,0.08179590945897987,-0.7598509974217995,-0.45329826097516984,-1.0807505171022596,0
-1.7086296741694673,-0.5153661750097854,-0.7103719503488157,-0.43427245574922324,0.44654940349166833,0.9252829253149278,0
0.7268335584997068,-0.6821442624882385,0.762339102514188,1.0239291865955935,1.3463970679585064,-1.0807505171022596,1
-0.26949230941040997,0.6097127248505955,-1.1347926621321804,-1.2325886901596166,-0.45329826097516984,0.9252829253149278,3
1.501753677985353,1.0775711599056406,0.31587831865693017,-0.2790143305392358,-1.353145925442008,0.9252829253149278,0
1.391050803773118,0.4313374364729949,2.076691609666516,1.4541703371600465,-0.45329826097516984,0.9252829253149278,1
-0.15878943519817476,0.9975178953342814,0.00014513559654131148,-0.4862932767140295,1.3463970679585064,0.9252829253149278,0
-0.38019518362264515,-1.426262867806848,0.32392520259744156,1.0843243964118225,0.44654940349166833,-1.0807505171022596,1
1.0589421811364124,0.8453689793611764,-0.658111621821255,-0.9366893241296871,-1.353145925442008,0.9252829253149278,0
1.6124565521975882,0.45752957963212915,0.49514373423569047,0.14727748438693436,1.3463970679585064,-1.0807505171022596,2
-0.8230066804715859,0.2562200759274952,-1.7832212571758894,-1.6548660136180207,-0.45329826097516984,0.9252829253149278,3
-0.8230066804715859,0.14157136528759726,0.3515038284103941,0.1862442632645781,0.44654940349166833,-1.0807505171022596,2
0.284022061650766,-0.5399874504892612,-1.0783783795174422,-0.7622494435488602,-0.45329826097516984,-1.0807505171022596,0
1.1696450553486475,1.7025533856543231,-2.4474500002397828,-2.4869356601740793,0.44654940349166833,0.9252829253149278,3
-0.8230066804715859,1.0199256564428596,-2.097519703848275,-2.0974658577425602,0.44654940349166833,-1.0807505171022596,3
1.2803479295608826,-1.2005556090729925,2.3551309847304918,2.9719498463756624,-0.45329826097516984,0.9252829253149278,1
0.6714821213935891,0.4925766418999265,-0.4393770054586826,-0.6290148692490729,-0.45329826097516984,-1.0807505171022596,0
0.6714821213935891,-0.9624142222333736,-0.7611297772335115,-0.27309064214309653,-1.353145925442008,0.9252829253149278,0
0.8928878698180596,-0.6133179595957876,1.6670630622706235,1.8215116878683248,-1.353145925442008,0.9252829253149278,1
0.007264876120178013,1.1367080061505637,-0.12532525717557919,-0.6366799828514051,-1.353145925442008,0.9252829253149278,0
-1.4318724886388794,-0.49264107200075913,0.353690650482523,0.5301797403173376,-0.45329826097516984,-1.0807505171022596,2
1.501753677985353,0.5398426002699009,-1.228360395667536,-1.2851444930043727,-1.353145925442008,0.9252829253149278,3
1.1696450553486475,-0.1987504436986036,-2.0195302234825796,-1.7290128436050936,-1.353145925442008,0.9252829253149278,3
-1.1551153031082915,0.024599052989416437,0.49026580947583237,0.36556278328769926,-1.353145925442008,0.9252829253149278,2
1.6124565521975882,1.544369275143577,0.5625504122046912,-0.2934478324542997,1.3463970679585064,-1.0807505171022596,0
1.6124565521975882,-0.6322283167396598,0.9257860767293754,1.144435295431186,1.3463970679585064,0.9252829253149278,1
-0.43554662072876277,0.718306393365229,0.10310063382428727,-0.28873135688800894,-1.353145925442008,0.9252829253149278,0
0.8928878698180596,-1.0743358322210401,-0.4202421384549992,0.11822804901464065,0.44654940349166833,-1.0807505171022596,2
0.8928878698180596,0.8154818536586772,0.23125589386221412,-0.2304901048566088,-1.353145925442008,-1.0807505171022596,0
0.284022061650766,-0.26594746169254496,-0.23056341093906452,-0.11697345916430536,-1.353145925442008,-1.0807505171022596,0
1.2803479295608826,0.3408011891550663,-0.07927793784499428,-0.2694890160633755,-0.45329826097516984,-1.0807505171022596,0
-0.04808656098593958,-2.2474871867504653,1.2832553027407971,2.804140477760999,-0.45329826097516984,0.9252829253149278,1
-0.32484374651652753,0.882187298097607,-0.8568411604592429,-1.1040112650371958,0.44654940349166833,-1.0807505171022596,3
0.6714821213935891,0.8139917485471808,-0.9284366719419082,-1.1368823049104315,1.3463970679585064,-1.0807505171022596,3
1.2249964924547652,0.13653127665965392,1.1157172916436635,0.8365423523303837,-0.45329826097516984,0.9252829253149278,1
0.39472493586300117,-0.3910845005627815,0.41210371128635875,0.5254836860803369,-1.353145925442008,-1.0807505171022596,2
0.007264876120178013,1.372932289140128,-1.400728113971985,-1.6617066032725243,0.44654940349166833,0.9252829253149278,3
0.5054278100752364,-0.5533194331160974,-0.09661489377526353,0.14943194988090136,1.3463970679585064,0.9252829253149278,2
1.501753677985353,0.7352186215577151,-0.746274212019843,-0.9665485625162027,0.44654940349166833,-1.0807505171022596,0
-1.1551153031082915,-1.0317308584391474,-0.466387752722798,0.050036723632390395,0.44654940349166833,0.9252829253149278,2
0.6161306842874715,0.22742458074269192,0.9936512449833372,0.6812767358155156,-0.45329826097516984,-1.0807505171022596,2
-0.15878943519817476,-1.2935590666468904,-0.6158605788410689,0.0404495117333153,-0.45329826097516984,-1.0807505171022596,2
-0.9890609917899387,-0.07217253714499611,0.08284574467534034,0.06346667488786961,-1.353145925442008,0.9252829253149278,2
-0.8783581175777035,-0.5301287669537665,-0.192364606973582,0.04913890227089319,-0.45329826097516984,-1.0807505171022596,2
0.2286706245446484,-0.1455293086626531,0.9829734725742131,0.8900470801357455,-0.45329826097516984,-1.0807505171022596,1
1.6124565521975882,0.3732590390590616,0.4401692749597452,0.14394665209808072,0.44654940349166833,-1.0807505171022596,2
-0.21414087230429238,-0.698658333733414,0.5866566473301138,0.8693630290438992,-1.353145925442008,0.9252829253149278,1
-1.3211696144266443,-0.38732703589476464,0.19937725907055098,0.3310499835246128,-1.353145925442008,0.9252829253149278,2
-1.6532782370633499,1.33093583870804,0.9622510710401807,0.09139863406107147,-1.353145925442008,-1.0807505171022596,2
1.3356993666670003,0.8989452391909459,0.1590523614655293,-0.3228659089780442,-1.353145925442008,0.9252829253149278,0
-1.0444124288960563,0.46243272464045976,-1.6972805102616102,-1.6422298534957862,1.3463970679585064,0.9252829253149278,3
-0.9337095546838211,2.087570477976602,1.4499513845723915,0.09262622268280164,-0.45329826097516984,-1.0807505171022596,2
-1.7086296741694673,-2.20145525492223,-0.8814326862976875,0.2707227047882164,0.44654940349166833,-1.0807505171022596,2
1.0035907440302947,0.6024190517804792,0.009521221785505893,-0.312752992671651,0.44654940349166833,0.9252829253149278,0
-0.9337095546838211,-1.0447906193101422,0.9369609012137479,1.4366019481092127,0.44654940349166833,-1.0807505171022596,1
-0.32484374651652753,-1.8009826545589491,0.4520304498392634,1.4890000601503817,-1.353145925442008,0.9252829253149278,1
0.7821849956058243,-1.6626405828600217,0.8551923266035937,1.8163784173286606,0.44654940349166833,-1.0807505171022596,1
0.4500763729691188,2.8319925309489786,-0.43781468253368194,-1.4021622242750118,1.3463970679585064,0.9252829253149278,3
-1.3211696144266443,-0.9458927230303219,1.4901467314863936,1.9038982618317017,0.44654940349166833,0.9252829253149278,1
-1.2658181773205266,0.28206207460554505,-0.006535654120624477,-0.18246359472493268,-1.353145925442008,0.9252829253149278,0
0.3393734987568836,-0.5694543566929593,-0.3476211421079565,-0.07422876956755353,0.44654940349166833,0.9252829253149278,0
-0.43554662072876277,2.4440660137955894,-0.7375058365674895,-1.4889857441441274,-0.45329826097516984,0.9252829253149278,3
-1.4318724886388794,0.38091315312703344,0.7684237570726756,0.4103246854442844,1.3463970679585064,-1.0807505171022596,2
1.1696450553486475,-1.1108189333512317,-0.3559566303291517,0.20173901365758282,-1.353145925442008,0.9252829253149278,2
-1.3211696144266443,0.559610848282331,0.6104920387016256,0.19023504102443914,0.44654940349166833,0.9252829253149278,2
0.6161306842874715,-0.07936369946873888,-0.05341659842267192,-0.05150732397359684,-0.45329826097516984,-1.0807505171022596,0
-1.2658181773205266,-0.527555359631639,0.22100570901154687,0.42813688231185354,1.3463970679585064,-1.0807505171022596,2
0.39472493586300117,-1.8425783528278858,-1.2561561483715982,-0.34805062877588905,0.44654940349166833,-1.0807505171022596,0
0.4500763729691188,-0.6092491195489118,1.816749790894992,1.9576492809806738,-0.45329826097516984,0.9252829253149278,1
1.4464022408792354,-0.7018435370984726,0.056273758491757135,0.37247137623733917,0.44654940349166833,-1.0807505171022596,2
1.0035907440302947,-2.20907499110838,0.9875526155985992,2.426842758147116,1.3463970679585064,-1.0807505171022596,1
0.2286706245446484,-1.606217783894172,1.2114232084628405,2.149266428171496,0.44654940349166833,0.9252829253149278,1
-0.8783581175777035,-0.9580378154230776,-0.5237041759985347,-0.04441509284973617,0.44654940349166833,-1.0807505171022596,0
1.501753677985353,1.1332099623709775,-1.6315382685732405,-1.7708769230428805,-0.45329826097516984,0.9252829253149278,3
-0.9337095546838211,-0.5805154766014947,1.3055591992984619,1.4624854372760183,0.44654940349166833,-1.0807505171022596,1
0.39472493586300117,0.0024306928259993405,1.8142729107271545,1.5180630299339635,-0.45329826097516984,0.9252829253149278,1
1.391050803773118,-1.4618358885919196,0.5367995337814683,1.329793187850456,0.44654940349166833,0.9252829253149278,1
-0.38019518362264515,-0.9102226752077428,-0.7824834303650482,-0.3189129373904077,-1.353145925442008,0.9252829253149278,0
-0.04808656098593958,2.2167556547895932,-0.5425569052758613,-1.296525993086692,-0.45329826097516984,0.9252829253149278,3
-0.04808656098593958,-0.10632966289733121,2.9343785892846066,2.5701413641970845,-0.45329826097516984,0.9252829253149278,1
1.5571051150914708,0.3723784514763171,-0.3359395605012342,-0.4950526491419337,0.44654940349166833,-1.0807505171022596,0
-0.38019518362264515,0.09956801511421141,-0.576428130440618,-0.5823529946939777,-1.353145925442008,0.9252829253149278,0
-0.32484374651652753,0.3219943451699197,-0.3668141947574557,-0.49938510999218283,1.3463970679585064,-1.0807505171022596,0
1.0035907440302947,-0.4597290107999763,-1.1797314978264393,-0.8874030028695484,-0.45329826097516984,0.9252829253149278,0
1.2249964924547652,0.9382125443200096,1.119438268266111,0.40084767335024374,-1.353145925442008,-1.0807505171022596,2
-1.2658181773205266,2.205819161528085,-1.0540704519465722,-1.6357570235711485,-0.45329826097516984,0.9252829253149278,3
1.6124565521975882,-0.8583140139728106,-1.527349777251499,-1.058385085267262,-0.45329826097516984,-1.0807505171022596,3
0.7821849956058243,-1.1756745497991117,-0.15390394654209721,0.4398414400637839,1.3463970679585064,-1.0807505171022596,2
-1.1551153031082915,2.4637156032353897,0.9563916877196242,-0.39108926214362555,0.44654940349166833,-1.0807505171022596,0
0.8375364327119419,-1.3376375440427701,0.2555439789443386,0.9545810119688628,-1.353145925442008,-1.0807505171022596,1
0.1179677503324132,0.29770645079707914,0.5607594876788168,0.2819400449257531,-0.45329826097516984,0.9252829253149278,2
0.1733191874385308,1.384499337727368,0.7037016064674456,-0.12276588368849344,-0.45329826097516984,0.9252829253149278,0
0.560779247181354,1.0370059151420958,-1.9922981432315394,-2.0210179504364656,-1.353145925442008,0.9252829253149278,3
1.6124565521975882,0.2568266550667912,-0.8044815432205861,-0.8374203045893607,1.3463970679585064,-1.0807505171022596,0
0.8375364327119419,-0.4915761807239243,-0.35878711470125224,-0.12297271342178137,-1.353145925442008,0.9252829253149278,0
-0.04808656098593958,0.07549449046089395,-0.33517868068664913,-0.36630901623532097,-1.353145925442008,-1.0807505171022596,0
-0.21414087230429238,-0.44098432990117153,0.20127164836695127,0.3620689854295228,-0.45329826097516984,-1.0807505171022596,2
-0.38019518362264515,-1.574191132389858,0.38896641961506,1.2552637129315691,1.3463970679585064,0.9252829253149278,1
1.0589421811364124,-1.5067289808191593,0.5940058049947485,1.4218731894836392,-0.45329826097516984,0.9252829253149278,1
0.8928878698180596,-0.6411143642031323,0.6745676223410738,0.9157837599645822,1.3463970679585064,0.9252829253149278,1
-0.38019518362264515,1.7198451776871577,1.0719237923252078,-0.005682657693917927,-0.45329826097516984,0.9252829253149278,0
0.6714821213935891,-1.218784276265139,0.6847750525948098,1.3087293459483413,0.44654940349166833,-1.0807505171022596,1
0.6161306842874715,0.35439539758857747,2.2718120918896765,1.665657885089409,0.44654940349166833,-1.0807505171022596,1
0.284022061650766,0.23963034491690774,-0.5988372078566949,-0.6586980561079478,1.3463970679585064,0.9252829253149278,0
1.391050803773118,0.3333307677471333,-0.4724704425720065,-0.5916076131747255,0.44654940349166833,0.9252829253149278,0
0.284022061650766,0.7181391660288788,0.9792354073742171,0.4043063350663844,-0.45329826097516984,0.9252829253149278,2
0.1733191874385308,0.7589699875466934,0.21627434733542228,-0.21729666835964057,1.3463970679585064,-1.0807505171022596,0
0.8928878698180596,-1.1525554546245254,-0.14492166734163198,0.43528799987884687,-0.45329826097516984,-1.0807505171022596,2
1.6124565521975882,1.1476948258591428,0.05575353145215796,-0.5046206809779265,0.44654940349166833,0.9252829253149278,0
0.8928878698180596,-2.016721603924769,1.5443541569474568,2.8794956551215503,1.3463970679585064,-1.0807505171022596,1
-1.3211696144266443,-0.45879496184698215,0.9669391786543594,1.0702382587497303,-0.45329826097516984,-1.0807505171022596,1
1.2249964924547652,1.5581640308948244,0.44033652520391814,-0.38699356519881095,-0.45329826097516984,-1.0807505171022596,0
0.4500763729691188,-0.1894435912648489,-0.24653325301790088,-0.16779185381492284,-1.353145925442008,-1.0807505171022596,0
1.1142936182425298,-0.268892680838216,-1.0606274133987632,-0.8549295044326751,1.3463970679585064,-1.0807505171022596,0
-1.376521051532762,1.0043073860423344,0.8600758499022021,0.1689052688706977,-0.45329826097516984,0.9252829253149278,2
0.560779247181354,-0.10943888544106961,-0.7441192081198608,-0.6401002781732061,0.44654940349166833,0.9252829253149278,0
0.9482393069241771,-1.0070069066054186,-0.11610692962863968,0.3796530160829303,1.3463970679585064,-1.0807505171022596,2
0.3393734987568836,-1.3422907168056197,-0.03145315453227893,0.6642394378383506,0.44654940349166833,0.9252829253149278,2
-0.6016009320471155,-1.1914051598554087,-0.023281143578774897,0.579974436346096,-0.45329826097516984,0.9252829253149278,2
-0.10343799809205717,0.9598278062927528,-1.1316667612157896,-1.3413651174896377,1.3463970679585064,0.9252829253149278,3
-0.32484374651652753,-0.5184708584856165,-0.15486781458523444,0.07762912061772882,-1.353145925442008,-1.0807505171022596,2
-1.0997638660021738,1.0615501505659215,0.1885640578996553,-0.36892403858516787,0.44654940349166833,0.9252829253149278,0
1.391050803773118,1.51789347186145,1.1891349561230258,0.16987579704674582,1.3463970679585064,-1.0807505171022596,2
0.1179677503324132,-1.1574800665906861,-0.7894283133363126,-0.20486265501787518,1.3463970679585064,-1.0807505171022596,0
-0.7123038062593507,1.3434392817568808,0.10388703395166415,-0.5462655835242503,-0.45329826097516984,0.9252829253149278,0
-0.546249494940998,-0.3639938855175023,0.11584168104658424,0.24310745075068502,-1.353145925442008,-1.0807505171022596,2
1.5571051150914708,-0.5807192931726158,0.5281554327314233,0.7425665378258445,0.44654940349166833,-1.0807505171022596,2
0.4500763729691188,-0.7591936222581572,-0.8467444589531475,-0.4508892527311992,1.3463970679585064,0.9252829253149278,0
-0.43554662072876277,-0.5762634781006752,-1.648206239556162,-1.274805297435337,-1.353145925442008,-1.0807505171022596,3
0.007264876120178013,0.74005656475503,-0.4300895615009973,-0.7188287987301587,1.3463970679585064,0.9252829253149278,0
-0.04808656098593958,-1.260888138620235,0.2370068728318002,0.8855351585226752,-0.45329826097516984,-1.0807505171022596,1
1.3356993666670003,0.32342046752484993,0.7390299448226089,0.416465825598802,1.3463970679585064,0.9252829253149278,2
0.6161306842874715,-0.5497771766297262,0.37553729907930894,0.5831873920479759,-0.45329826097516984,0.9252829253149278,2
-1.1551153031082915,0.3193306597414523,0.18623447608521648,-0.03970923181493025,-0.45329826097516984,0.9252829253149278,0
-1.0444124288960563,-0.6138842757045563,0.6336114798842648,0.8606807885217992,-0.45329826097516984,-1.0807505171022596,1
1.2803479295608826,0.43369836769904385,-0.35419961185598886,-0.5356033637673113,1.3463970679585064,0.9252829253149278,0
0.8375364327119419,-1.0270960812012149,-1.9449069230887395,-1.4026125156215934,-1.353145925442008,-1.0807505171022596,3
0.8375364327119419,0.6846878873643127,0.7974376674296099,0.2772868686527777,0.44654940349166833,-1.0807505171022596,2
1.501753677985353,-0.016977165588098902,0.8867672336244987,0.7302399769235213,1.3463970679585064,0.9252829253149278,2
0.8928878698180596,-1.2732773282348022,-0.5274280951573878,0.11916008458927554,0.44654940349166833,0.9252829253149278,2
-1.763981111275585,-0.9456165548439067,1.7215636640684586,2.1282817861445515,0.44654940349166833,0.9252829253149278,1
1.1142936182425298,0.17560255869677624,0.6476671321115818,0.41883923028991116,-1.353145925442008,-1.0807505171022596,2
1.3356993666670003,0.04511768344466749,0.36119732793586057,0.24401390267622128,1.3463970679585064,-1.0807505171022596,2
1.391050803773118,-0.9028121202760279,0.8436072244417613,1.2469954397312948,-1.353145925442008,0.9252829253149278,1
-0.21414087230429238,0.5019106892760669,0.36470805100666415,0.01960821691827823,-1.353145925442008,-1.0807505171022596,2
-0.49089805783488033,1.4650157418390652,1.2740378865491537,0.25635419862576,-0.45329826097516984,-1.0807505171022596,2
-0.21414087230429238,0.49593094961381834,0.7032720588550379,0.29734245438825474,-0.45329826097516984,-1.0807505171022596,2
-0.546249494940998,-1.2034691276575251,0.2950006329812978,0.9067566204329303,0.44654940349166833,0.9252829253149278,1
1.391050803773118,-0.852558844219341,0.5862074042113579,0.9661807877492038,-0.45329826097516984,0.9252829253149278,1
0.8928878698180596,0.08904886199090556,-0.40476922457593734,-0.4316337221723992,-1.353145925442008,0.9252829253149278,0
0.3393734987568836,1.2916798019658253,0.24387901815104326,-0.42226761549180153,1.3463970679585064,0.9252829253149278,0
-0.546249494940998,0.1949699726393976,0.31011337899712316,0.12439647985304224,1.3463970679585064,-1.0807505171022596,2
-0.43554662072876277,0.269323889379523,0.11416728044512066,-0.07591840583034616,1.3463970679585064,0.9252829253149278,0
1.501753677985353,0.7729122500269937,-0.7215087689997359,-0.9604628779674961,-1.353145925442008,0.9252829253149278,0
-0.6569523691532331,0.4866595239961683,-0.14035821012595223,-0.38360337997938976,1.3463970679585064,-1.0807505171022596,0
0.2286706245446484,-1.3207695035125726,-0.11835004680679127,0.5622956064542219,1.3463970679585064,-1.0807505171022596,2
-1.5979267999572322,-0.44185540135283635,-0.7914092159602056,-0.5409683288167291,-0.45329826097516984,0.9252829253149278,0
-0.49089805783488033,0.5180970447419154,-0.3434108307529243,-0.5615201860799793,-1.353145925442008,-1.0807505171022596,0
0.3393734987568836,-0.10534691793504482,2.2874373816633233,2.0045995179173115,1.3463970679585064,0.9252829253149278,1
-1.5425753628511147,0.17434506996510993,-0.3236469659607956,-0.40000302448801756,0.44654940349166833,-1.0807505171022596,0
0.9482393069241771,0.52595198476909,-0.13000064812960963,-0.39207646677990726,0.44654940349166833,0.9252829253149278,0
-1.0997638660021738,-0.4496477905735939,1.0000527750568333,1.0945719437700223,-1.353145925442008,-1.0807505171022596,1
-0.04808656098593958,0.21503657513887256,-0.8941041750702745,-0.896650050003241,0.44654940349166833,-1.0807505171022596,0
0.06261631322629561,-0.03625043760366669,0.6159745639982755,0.5070373473186373,1.3463970679585064,-1.0807505171022596,2
0.6161306842874715,0.9278338818396367,0.9741137285639582,0.2939672705151928,-1.353145925442008,0.9252829253149278,2
0.007264876120178013,0.7056573166332027,-0.797162730337845,-0.9963036601333326,-1.353145925442008,0.9252829253149278,0
0.3393734987568836,1.1140048846804074,-1.4301376539344428,-1.613777980768965,0.44654940349166833,-1.0807505171022596,3
-1.4318724886388794,-0.2562455145649847,-0.8282031850800481,-0.6531748196199796,0.44654940349166833,-1.0807505171022596,0
0.8928878698180596,2.270569511055632,-0.4703337894082389,-1.2641705863635033,-0.45329826097516984,-1.0807505171022596,3
-1.763981111275585,-0.2981501864340081,-2.925772415386253,-2.51085374900597,-0.45329826097516984,-1.0807505171022596,3
1.5571051150914708,-0.6906030823157814,1.1094397238317892,1.3553747678058268,-0.45329826097516984,-1.0807505171022596,1
1.5571051150914708,0.060016568903643444,-0.5853874375472082,-0.5734891637078515,-1.353145925442008,0.9252829253149278,0
-0.43554662072876277,0.7765331081348708,0.6617165903214127,0.12485817300356718,-1.353145925442008,0.9252829253149278,2
1.4464022408792354,-0.3489746234313999,0.28067583748639724,0.3834325378135632,1.3463970679585064,-1.0807505171022596,2
0.007264876120178013,-0.4739501119969764,1.1512418374653155,1.248353262079934,-1.353145925442008,-1.0807505171022596,1
-0.21414087230429238,-0.21898905031922994,0.16124512852953585,0.20727148031685277,-0.45329826097516984,0.9252829253149278,2
1.1696450553486475,1.974929044431717,0.5272233333419887,-0.49017104423661784,-0.45329826097516984,0.9252829253149278,0
-0.6569523691532331,-1.2709788540994016,-0.5007208880549106,0.14495059560356366,0.44654940349166833,-1.0807505171022596,2
1.391050803773118,0.5763209952026532,-1.361583341473909,-1.4040118008284863,-1.353145925442008,0.9252829253149278,3
1.3356993666670003,-0.358205088119564,0.346309982662439,0.44761629784321044,-1.353145925442008,-1.0807505171022596,2
-0.21414087230429238,-0.587258297882929,0.7416118993623734,0.9443799122012119,0.44654940349166833,-1.0807505171022596,1
-0.21414087230429238,-1.181934163761779,-0.13048721499546637,0.46694800144520837,-1.353145925442008,-1.0807505171022596,2
-0.9890609917899387,-0.31884214875180356,0.8612579748816122,0.8873267562130223,1.3463970679585064,-1.0807505171022596,1
1.501753677985353,-0.3916353296455055,-2.1209078751715698,-1.7652414746071752,1.3463970679585064,-1.0807505171022596,3
-1.763981111275585,1.0175297917292923,1.28662322822128,0.48841674962724096,1.3463970679585064,0.9252829253149278,2
-1.763981111275585,-0.1265227837783693,1.5569378958650175,1.3809356532828376,-1.353145925442008,-1.0807505171022596,1
-1.376521051532762,0.8380214179454974,0.8359224171751943,0.23123122006008984,-1.353145925442008,-1.0807505171022596,2
-0.26949230941040997,-0.06815611076118948,-0.1972143593842751,-0.18190598392250615,0.44654940349166833,0.9252829253149278,0
1.5571051150914708,0.5252305666103725,1.075596288652742,0.5836538121628151,-1.353145925442008,0.9252829253149278,2
0.7821849956058243,0.9334709292035677,-0.10241308973062485,-0.5392625208023928,-1.353145925442008,0.9252829253149278,0
0.8928878698180596,-0.539787929418973,0.4820072716045098,0.6755006078369347,1.3463970679585064,-1.0807505171022596,2
-0.7676552433654683,-1.5544667309871696,-0.4073101356478479,0.4037200215731629,1.3463970679585064,0.9252829253149278,2
-0.43554662072876277,-0.5673562382736075,0.7772550937492642,0.9648689309881839,0.44654940349166833,0.9252829253149278,1
-0.43554662072876277,-1.149600105177302,-0.6649956258657546,-0.08478306042770761,-1.353145925442008,0.9252829253149278,0
0.3393734987568836,0.7079071825420264,0.5193760728851112,0.04544390002241827,1.3463970679585064,0.9252829253149278,2
-0.546249494940998,1.4150290735237583,0.5674485875736551,-0.23559985649054432,-1.353145925442008,-1.0807505171022596,0
0.6714821213935891,-0.5344561517419157,0.5520029903551527,0.7368011137349404,1.3463970679585064,-1.0807505171022596,2
-1.6532782370633499,-0.4018144961354822,-0.6507891266803754,-0.431000519699897,-0.45329826097516984,-1.0807505171022596,0
-1.5979267999572322,-0.251760486567961,0.1451822898288849,0.21016109699167057,-1.353145925442008,0.9252829253149278,2
1.1696450553486475,0.5414545516008591,0.7188077760515663,0.28672763937407614,0.44654940349166833,0.9252829253149278,2
-0.546249494940998,-0.3407449791584057,-1.128831237542339,-0.8878650163419367,0.44654940349166833,0.9252829253149278,0
-0.04808656098593958,0.8291024786995812,0.00101712285217451,-0.4162398533775984,-0.45329826097516984,-1.0807505171022596,0
-1.4318724886388794,-0.6788590001689679,1.1605802457004386,1.3953102628747815,1.3463970679585064,-1.0807505171022596,1
0.4500763729691188,0.9969499451885248,2.0609238282238005,1.0920218580052228,1.3463970679585064,0.9252829253149278,1
-0.9890609917899387,0.9341943867701329,0.5439803704740835,-0.04097083077349113,-1.353145925442008,0.9252829253149278,0
-0.26949230941040997,-0.07197242307952127,1.195046587252285,1.0302944031590398,0.44654940349166833,0.9252829253149278,1
-0.43554662072876277,-0.5534406266597807,-0.5636382534798411,-0.28158967036125354,1.3463970679585064,-1.0807505171022596,0
0.4500763729691188,0.7511621621869614,0.9860021102854168,0.3926246180448325,0.44654940349166833,-1.0807505171022596,2
-0.8783581175777035,0.8469145126244705,0.26018282281524335,-0.22174297783824162,1.3463970679585064,-1.0807505171022596,0
-0.21414087230429238,0.34892778329343493,0.6124508397651168,0.29838819394788313,-1.353145925442008,0.9252829253149278,2
-0.6569523691532331,0.28202682531632917,-2.0748592404216235,-1.9050602265640249,-1.353145925442008,0.9252829253149278,3
1.6124565521975882,1.0288125883552421,-1.5790163186448616,-1.7038188161396666,0.44654940349166833,-1.0807505171022596,3
-0.15878943519817476,0.39882928722269745,1.334347789299121,0.865680806260926,-0.45329826097516984,-1.0807505171022596,1
1.501753677985353,0.7122201617121846,0.16937086773080162,-0.23362674483929513,0.44654940349166833,0.9252829253149278,0
-0.8230066804715859,1.6115614574774906,-0.3068769618505434,-0.9422767213489532,1.3463970679585064,-1.0807505171022596,0
1.1142936182425298,1.379073218643558,0.4240518240742748,-0.3254243162315113,1.3463970679585064,0.9252829253149278,0
-0.7676552433654683,-0.5654481995389717,0.8493545733240335,1.0303203831084475,-0.45329826097516984,0.9252829253149278,1
-0.6016009320471155,-0.1285941140196289,-0.3276763731322254,-0.267569886889479,-0.45329826097516984,0.9252829253149278,0
0.3393734987568836,-0.5887376387556996,-0.7339977767346044,-0.4228431466012321,-0.45329826097516984,-1.0807505171022596,0
0.2286706245446484,0.8689693792840312,-0.4394880040487563,-0.7751957309733429,1.3463970679585064,0.9252829253149278,0
0.007264876120178013,0.3689962743018168,0.42027169657814617,0.12966261422790887,0.44654940349166833,-1.0807505171022596,2
-0.21414087230429238,-0.8706892345357239,0.4272912731781755,0.8250811992890068,0.44654940349166833,0.9252829253149278,1
0.007264876120178013,-2.217899230910225,-2.1649466757329177,-1.198703494926669,-0.45329826097516984,0.9252829253149278,3
0.8928878698180596,-0.1416679491872716,0.46594007975828405,0.43435164954309297,1.3463970679585064,-1.0807505171022596,2
-1.5425753628511147,-0.6714283383676496,0.5458127741904594,0.8141843564940915,-1.353145925442008,0.9252829253149278,1
-1.376521051532762,-0.6730197119701602,0.8630381291690759,1.1124495269590227,-1.353145925442008,0.9252829253149278,1
-0.49089805783488033,-1.4878841278388477,0.6014592311037756,1.4158998288903015,0.44654940349166833,-1.0807505171022596,1
1.6124565521975882,-0.7609225034450343,-1.1046083124889992,-0.6944831562372316,0.44654940349166833,0.9252829253149278,0
1.501753677985353,-0.8341720658323957,-2.0978390833835134,-1.6133239016242171,-1.353145925442008,-1.0807505171022596,3
1.2249964924547652,-0.17645295496473162,0.7423271699405071,0.6968584034807462,0.44654940349166833,-1.0807505171022596,2
0.3393734987568836,-0.046754559815717196,0.9891428070334656,0.8362780341888562,1.3463970679585064,-1.0807505171022596,1
1.391050803773118,-0.2729428340202082,-1.1715749414135628,-0.9522171999050435,-0.45329826097516984,0.9252829253149278,0
-0.04808656098593958,-0.0455244002883576,-0.32071678664672615,-0.29953858642440795,-0.45329826097516984,0.9252829253149278,0
1.4464022408792354,-0.5209728757395994,2.1174003019500796,2.167760494503073,-1.353145925442008,0.9252829253149278,1
0.7821849956058243,0.28636942483431743,0.9140724956515427,0.581890094950456,1.3463970679585064,0.9252829253149278,2
-0.32484374651652753,-0.12974327823850035,0.5554782989823362,0.5062244936648325,-1.353145925442008,-1.0807505171022596,2
-0.26949230941040997,-0.7392619055411387,0.05749700623887384,0.3946340879342978,-1.353145925442008,0.9252829253149278,2
-0.7676552433654683,-0.8660001377246896,-0.48098199028211774,-0.050323108775068244,0.44654940349166833,0.9252829253149278,0
-1.5979267999572322,-0.8348786668448229,-0.5663494258743934,-0.1478489142078959,-0.45329826097516984,-1.0807505171022596,0
0.8375364327119419,0.08124323569200176,0.6749692884969772,0.49308674894483717,-0.45329826097516984,-1.0807505171022596,2
-0.38019518362264515,-0.5001058482644032,0.9322986652861778,1.0649557490069914,-0.45329826097516984,0.9252829253149278,1
-0.9337095546838211,1.269913308506528,-0.09610239472468869,-0.6657665885171228,0.44654940349166833,-1.0807505171022596,0
1.2803479295608826,1.5177994143718971,0.08304681583702012,-0.6285359568949832,-1.353145925442008,-1.0807505171022596,0
-0.10343799809205717,-1.2120724253090727,-0.6512538163536004,-0.03855027144127243,-1.353145925442008,0.9252829253149278,0
-0.9337095546838211,0.8358362231341951,0.015171648507433197,-0.40801038383990074,1.3463970679585064,0.9252829253149278,0
-0.49089805783488033,-0.4662324023966884,-0.3664952716821791,-0.14239037146770858,1.3463970679585064,0.9252829253149278,0
0.2286706245446484,-0.068219390806024,-0.9671278806746382,-0.8509176888414094,-0.45329826097516984,-1.0807505171022596,0
-1.6532782370633499,-0.8244141121956207,-0.4492825488199357,-0.041193929993194794,-1.353145925442008,-1.0807505171022596,0
0.2286706245446484,0.9200284836033383,-0.3512210224872457,-0.7260884691447103,-1.353145925442008,0.9252829253149278,0
1.4464022408792354,-1.8562267202577092,-1.1373849420981172,-0.21099232892855055,-0.45329826097516984,0.9252829253149278,0
0.4500763729691188,0.16567268017110404,-1.551242864767947,-1.4330448888891016,0.44654940349166833,-1.0807505171022596,3
1.1696450553486475,-1.353995988805921,1.2291812404031972,1.962364162185085,-1.353145925442008,0.9252829253149278,1
-0.26949230941040997,0.5432224070813761,-1.0257195887639907,-1.1226304182563556,-1.353145925442008,0.9252829253149278,3
-1.376521051532762,-0.485079931997217,-1.8765440009046779,-1.5150983389590262,-1.353145925442008,0.9252829253149278,3
1.391050803773118,-1.0906925358588768,-1.3049024715249382,-0.7478711814990675,0.44654940349166833,0.9252829253149278,0
-0.21414087230429238,-1.887492244863115,-1.1387829599176567,-0.1961096558149372,0.44654940349166833,0.9252829253149278,0
-0.26949230941040997,-0.14104840737574975,-0.4601395015577926,-0.3779647778364301,-0.45329826097516984,0.9252829253149278,0
-1.7086296741694673,1.8170622066127986,-1.167878404330257,-1.6125276286132908,0.44654940349166833,-1.0807505171022596,3
0.7821849956058243,-0.033894420961673666,0.0004948609176550838,-0.026864072662507336,1.3463970679585064,-1.0807505171022596,0
0.9482393069241771,-1.4045142331326506,-0.5777261435510928,0.1400445616751542,-0.45329826097516984,0.9252829253149278,2
-0.10343799809205717,0.5139989500310675,0.07001044595562399,-0.22491085172398695,1.3463970679585064,-1.0807505171022596,0
0.6714821213935891,0.47829364548083364,-0.4660268236497287,-0.644959574855508,0.44654940349166833,0.9252829253149278,0
-1.763981111275585,-2.1966110207629232,0.5403482504799301,1.9016302922442705,-1.353145925442008,0.9252829253149278,1
1.0589421811364124,0.19779039896069717,-1.4752459055522966,-1.3790964301701523,-1.353145925442008,0.9252829253149278,3
1.4464022408792354,0.026642873225705924,-0.7568776511556347,-0.7067853302500748,-1.353145925442008,-1.0807505171022596,0
-1.5425753628511147,-0.7579525782690777,-0.4657038692464021,-0.09047288273528357,1.3463970679585064,0.9252829253149278,0
-0.21414087230429238,-0.2554162634717114,-0.27255546750134824,-0.15940294073878764,-0.45329826097516984,-1.0807505171022596,0
1.0589421811364124,-0.713615570465404,0.16639464578679433,0.4827987245164226,-1.353145925442008,-1.0807505171022596,2
-0.26949230941040997,0.7503151555168331,-1.3213266262055898,-1.4250393744978844,-0.45329826097516984,-1.0807505171022596,3
-0.15878943519817476,0.7579537400076664,-1.122231815434525,-1.2706061669196753,0.44654940349166833,0.9252829253149278,3
0.7821849956058243,0.5813996688703287,-1.18317767531281,-1.2621843775652333,-1.353145925442008,-1.0807505171022596,3
0.9482393069241771,0.09119149705238722,-2.3037794917811523,-2.0510038824794723,-1.353145925442008,-1.0807505171022596,3
1.3356993666670003,0.020329671805996055,-0.9049808306847915,-0.8315530281126995,-1.353145925442008,0.9252829253149278,0
-1.1551153031082915,0.21531848246062688,-0.304330971697025,-0.4016061071971569,-1.353145925442008,0.9252829253149278,0
0.007264876120178013,0.14141721112260927,1.1778650996883935,0.8863190689673617,1.3463970679585064,0.9252829253149278,1
1.501753677985353,-0.5047367984167285,-0.2641929443876837,-0.029739953869411164,-0.45329826097516984,-1.0807505171022596,0
0.6161306842874715,-0.20072872522575375,-1.130152029418108,-0.9428963638979401,-0.45329826097516984,0.9252829253149278,0
-0.26949230941040997,-1.2718525889948462,-1.2773388480252885,-0.6411739504564677,0.44654940349166833,0.9252829253149278,0
-0.32484374651652753,-1.440007333417205,0.24903882812755285,1.0161404563570193,0.44654940349166833,0.9252829253149278,1
0.007264876120178013,0.7118610075189477,-0.0865285539366945,-0.4360161020006808,0.44654940349166833,0.9252829253149278,0
-1.6532782370633499,0.22755637546089671,-0.20627886754509217,-0.3247275043098487,0.44654940349166833,0.9252829253149278,0
-1.4318724886388794,1.2433984156866413,1.4922642350846393,0.5268777508308733,0.44654940349166833,-1.0807505171022596,2
0.2286706245446484,-0.7101931711532836,-1.5294917829478751,-1.116006018899899,-0.45329826097516984,-1.0807505171022596,3
-1.1551153031082915,0.6245733014222807,1.4850758274973104,0.8575485256582159,0.44654940349166833,0.9252829253149278,1
0.6714821213935891,-0.4830576694740172,1.7814390582014454,1.8309490543032312,0.44654940349166833,0.9252829253149278,1
-0.21414087230429238,0.6075766654092536,-0.7443137928030105,-0.919015278629468,-0.45329826097516984,0.9252829253149278,0
0.2286706245446484,0.6418760200156781,-0.05162275629392876,-0.37868366839218315,1.3463970679585064,-1.0807505171022596,0
-0.32484374651652753,1.3269375001876156,-0.013249815220166683,-0.6261898113199237,-0.45329826097516984,-1.0807505171022596,0
0.1733191874385308,-0.854356776461999,0.9061767234170752,1.2742335052465905,-0.45329826097516984,-1.0807505171022596,1
0.6714821213935891,1.312481130967733,1.7236289452099187,0.6624075677883889,-0.45329826097516984,0.9252829253149278,2
0.1179677503324132,1.052733302897218,-0.582919207696947,-0.9522434867106264,-0.45329826097516984,-1.0807505171022596,0
0.6161306842874715,0.46823747863444315,0.8338595750971262,0.417894511321449,-1.353145925442008,0.9252829253149278,2
1.391050803773118,-0.8961631677362966,-0.1283706463217455,0.30516621514091247,1.3463970679585064,-1.0807505171022596,2
0.3393734987568836,-0.44766960766218,-0.3806779836339327,-0.16432263406424186,0.44654940349166833,0.9252829253149278,0
0.560779247181354,0.1337083999028615,1.8983612485162635,1.501783291646885,1.3463970679585064,-1.0807505171022596,1
0.1733191874385308,-0.8060541811712001,-1.1132734172254553,-0.683479877139581,1.3463970679585064,0.9252829253149278,0
1.391050803773118,-0.8145537873130905,1.2070548783434185,1.5343477170144053,0.44654940349166833,0.9252829253149278,1
0.1179677503324132,0.05364299311376388,0.9322984069666681,0.7285467298578115,-1.353145925442008,-1.0807505171022596,2
-0.43554662072876277,0.6947869232837186,-1.385115193747909,-1.4587643008698028,0.44654940349166833,0.9252829253149278,3
0.284022061650766,-0.7889826293374114,-0.6330368102466315,-0.23399970399494957,1.3463970679585064,-1.0807505171022596,0
0.5054278100752364,-0.45080843414482097,0.6975121392792418,0.819641130290697,-1.353145925442008,-1.0807505171022596,1
0.560779247181354,1.3003539239101018,-0.15118033812340523,-0.7180272370959773,0.44654940349166833,0.9252829253149278,0
0.4500763729691188,-0.3146515205957314,0.5536111204948643,0.6091717354885849,-0.45329826097516984,0.9252829253149278,2
0.7268335584997068,0.21437504159109858,0.48968788756162557,0.2655065927749608,0.44654940349166833,-1.0807505171022596,2
-1.763981111275585,0.8453927178229281,-0.1921942690876297,-0.5736094668059099,1.3463970679585064,0.9252829253149278,0
1.6124565521975882,0.7570279346741641,0.16353767589312232,-0.2579585198755129,-0.45329826097516984,-1.0807505171022596,0
-0.43554662072876277,-0.6223910240688577,0.19343708639646107,0.45607990852204533,0.44654940349166833,0.9252829253149278,2
1.0035907440302947,0.6152327146122831,-1.475531842531819,-1.5071689220569728,1.3463970679585064,-1.0807505171022596,3
0.06261631322629561,-0.3337825986860398,0.6770092523496368,0.7310060912852538,-0.45329826097516984,0.9252829253149278,2
-0.26949230941040997,0.2308272607758246,-0.8322346962007805,-0.8507270095409931,0.44654940349166833,0.9252829253149278,0
0.6161306842874715,-0.6219180827225964,0.43658968792129293,0.682207058233443,-1.353145925442008,-1.0807505171022596,2
-0.6569523691532331,-0.4813359756371388,-1.311016502812048,-0.9989867996057448,-0.45329826097516984,0.9252829253149278,0
0.4500763729691188,0.05598319266853061,-0.5905652038970025,-0.5762323717487908,1.3463970679585064,-1.0807505171022596,0
-1.487223925744997,-0.38250478540294447,1.232656834288037,1.2619381390985267,0.44654940349166833,-1.0807505171022596,1
-0.8230066804715859,0.45245272190021063,-0.9072238199915504,-0.9946633464887382,-1.353145925442008,0.9252829253149278,0
-1.7086296741694673,0.42547652251145085,-0.2875947208381113,-0.47766987260753013,0.44654940349166833,0.9252829253149278,0
0.7821849956058243,0.7655092796161859,-0.41395472598230904,-0.7159122946066745,-0.45329826097516984,0.9252829253149278,0
1.391050803773118,-1.5543371968262918,-1.1939561095377653,-0.4237508800591424,0.44654940349166833,-1.0807505171022596,0
-0.7676552433654683,1.9522372284902625,1.3220283788733098,0.06544856228310539,0.44654940349166833,-1.0807505171022596,2
0.5054278100752364,1.156580480551823,0.4226108314099923,-0.23233516586052472,1.3463970679585064,-1.0807505171022596,0
-0.15878943519817476,0.1956925908037286,-0.7687219935400765,-0.783855819073486,-0.45329826097516984,0.9252829253149278,0
-1.3211696144266443,-1.650395081238415,3.062945251543443,4.159170787849519,-0.45329826097516984,0.9252829253149278,1
-1.7086296741694673,-0.02638822317607643,1.3692319720667576,1.1528128753211644,0.44654940349166833,0.9252829253149278,1
-0.26949230941040997,0.2683707878147475,1.5103672212927592,1.0892712686256467,1.3463970679585064,0.9252829253149278,1
-1.2104667402144091,-0.47914465748102353,0.9467694497335171,1.0648113801829922,0.44654940349166833,-1.0807505171022596,1
0.5054278100752364,-0.6686240202166779,-1.4404879469282137,-1.0479554112628835,-0.45329826097516984,-1.0807505171022596,3
1.6124565521975882,-0.07134114857837907,0.6726223333484606,0.5757527498305414,1.3463970679585064,0.9252829253149278,2
-0.7676552433654683,-0.26800167326049323,0.708154906611,0.7200922349874196,1.3463970679585064,0.9252829253149278,2
-0.546249494940998,0.5591897664167472,0.7960865718976362,0.34000323032268553,0.44654940349166833,0.9252829253149278,2
-0.6569523691532331,-0.8333711231009937,1.116331456393093,1.4609988721204143,-0.45329826097516984,-1.0807505171022596,1
-1.5425753628511147,0.7670400742982146,0.7413202800559842,0.19204397950470356,-1.353145925442008,0.9252829253149278,2
-1.376521051532762,0.7344790262966895,0.42297429764970634,-0.04325074596535654,0.44654940349166833,0.9252829253149278,0
-0.7676552433654683,0.41949725944654603,1.9982764718883252,1.3976337908461285,1.3463970679585064,0.9252829253149278,1
-0.04808656098593958,0.050620439830700546,-1.2568908476186833,-1.144673025120917,-1.353145925442008,-1.0807505171022596,3
-1.376521051532762,-0.11611710002492427,0.6295663754680773,0.563416446782758,-0.45329826097516984,-1.0807505171022596,2
-1.5979267999572322,0.08581061016715509,0.3455075823509606,0.20961904597239225,1.3463970679585064,-1.0807505171022596,2
-0.49089805783488033,-0.5166922625376247,-0.9677962945645742,-0.6701903736196336,-0.45329826097516984,0.9252829253149278,0
-0.9337095546838211,0.9316532882516002,-0.31873458650881625,-0.7054369433836102,-1.353145925442008,-1.0807505171022596,0
-0.21414087230429238,0.7173686704306291,-0.07094083585154362,-0.4259905225311138,0.44654940349166833,-1.0807505171022596,0
1.5571051150914708,-0.6081878245845843,1.3752343586372486,1.5464732008621402,0.44654940349166833,-1.0807505171022596,1
0.9482393069241771,-0.7031839159725017,0.20762384257125258,0.5156047031557918,-0.45329826097516984,0.9252829253149278,2
0.39472493586300117,-0.5068057178481333,0.5055448804240662,0.6776378899344115,0.44654940349166833,-1.0807505171022596,2
-0.32484374651652753,-1.0869631381807368,0.43704497696200384,0.9725095720212106,1.3463970679585064,-1.0807505171022596,1
1.501753677985353,0.6012867158676085,-0.23872668021716198,-0.5113171409076059,1.3463970679585064,0.9252829253149278,0
1.1142936182425298,-1.0627967165593937,-0.8688146374447391,-0.33002534555477725,-1.353145925442008,0.9252829253149278,0
-0.49089805783488033,-2.4447131953670205,0.6960244259000539,2.2993629014019743,-1.353145925442008,0.9252829253149278,1
-1.376521051532762,-1.1282068138696681,-0.012618930418349106,0.5525914763086929,-1.353145925442008,0.9252829253149278,2
0.5054278100752364,0.43082740173762735,-2.4642466482056125,-2.2608231002919013,0.44654940349166833,0.9252829253149278,3
1.391050803773118,-1.2004275222571827,0.05090822937282989,0.6598736957069299,-0.45329826097516984,-1.0807505171022596,2
0.8375364327119419,1.2087688069110503,-0.16714249944705215,-0.6955491034676428,0.44654940349166833,0.9252829253149278,0
-0.9890609917899387,0.03864621609924939,1.1076380447268634,0.8876029833717752,-1.353145925442008,0.9252829253149278,1
1.2249964924547652,0.13343240234082795,-0.09928379859581844,-0.19183907699285593,1.3463970679585064,0.9252829253149278,0
-1.7086296741694673,1.6172053908628483,0.44955867904830094,-0.4041641626919068,1.3463970679585064,-1.0807505171022596,0
-0.10343799809205717,0.5279821401673457,1.6731627180197601,1.0654781481925384,1.3463970679585064,-1.0807505171022596,1
1.0589421811364124,-0.10080201113207356,-1.4543954221139748,-1.2633679952416954,0.44654940349166833,0.9252829253149278,3
-1.0997638660021738,0.4589759265227909,-0.90163062060567,-0.9924409207746128,0.44654940349166833,-1.0807505171022596,0
-1.4318724886388794,0.901973350786861,-0.9989289333362943,-1.220675352219295,0.44654940349166833,-1.0807505171022596,3
0.8928878698180596,0.2855199179858721,0.5262275498870095,0.2594753759269555,-0.45329826097516984,-1.0807505171022596,2
-1.376521051532762,0.07092647636065094,-0.8541601473618764,-0.8076769852884215,-0.45329826097516984,0.9252829253149278,0
1.6124565521975882,2.413940913160544,0.28000660115707904,-0.8147109567044879,-1.353145925442008,0.9252829253149278,0
-1.7086296741694673,-2.0828897598737046,-0.41461161335306107,0.7279278548939611,-0.45329826097516984,-1.0807505171022596,2
0.007264876120178013,0.7616018655165852,-0.540975506558801,-0.8143652986766111,0.44654940349166833,-1.0807505171022596,0
-1.3211696144266443,0.4161208701453814,-0.4864803568388692,-0.6367400270730411,-0.45329826097516984,0.9252829253149278,0
1.0035907440302947,-0.3024568519480733,1.3536697088870733,1.317793372748102,0.44654940349166833,-1.0807505171022596,1
-0.26949230941040997,0.9231205824537493,-2.2271198766487528,-2.1760500484834338,-1.353145925442008,0.9252829253149278,3
-0.7676552433654683,1.5163133458998477,1.1799576302517496,0.16398851830068356,0.44654940349166833,-1.0807505171022596,2
-0.8230066804715859,-0.4816999045366836,1.695449496847863,1.751292834427285,-1.353145925442008,-1.0807505171022596,1
0.3393734987568836,0.6193501117694858,0.25286889039550864,-0.12540639171572554,1.3463970679585064,-1.0807505171022596,0
-1.487223925744997,0.7461796656637931,2.283133876567319,1.4177791974495564,-0.45329826097516984,0.9252829253149278,1
0.8928878698180596,-1.593238788501375,-0.24836399066468845,0.5949691291513257,0.44654940349166833,0.9252829253149278,2
0.2286706245446484,0.841099688519915,0.4760669547977256,-0.05086024730655459,-1.353145925442008,0.9252829253149278,0
1.2249964924547652,-1.150777258643986,0.8930153501232712,1.4688958637397849,-1.353145925442008,0.9252829253149278,1
0.8928878698180596,1.2920886786732757,0.739073268343835,-0.055781765367138234,-1.353145925442008,-1.0807505171022596,0
-1.5979267999572322,-1.376610137615159,-1.117447450295463,-0.42970566511274516,-0.45329826097516984,0.9252829253149278,0
0.1179677503324132,-0.8702176025908426,-2.1390846963587604,-1.6417947161905955,-1.353145925442008,0.9252829253149278,3
0.39472493586300117,1.0782342490374501,0.006230419642457679,-0.5142157345734433,1.3463970679585064,-1.0807505171022596,0
-0.10343799809205717,0.09924946283270474,-0.916156388727868,-0.8714720776591428,-0.45329826097516984,-1.0807505171022596,0
-0.546249494940998,-0.7925971908553251,1.469233666214883,1.7682158542158335,1.3463970679585064,-1.0807505171022596,1
0.8928878698180596,-0.6747361752356357,-0.056072978876595486,0.2520384549055999,-1.353145925442008,-1.0807505171022596,2
0.8375364327119419,-0.16014079656714594,1.1313617112397685,1.0292952967773974,-0.45329826097516984,-1.0807505171022596,1
-1.376521051532762,-1.028142584195309,0.14265883731817533,0.6455987646209457,-1.353145925442008,-1.0807505171022596,2
-1.2104667402144091,0.26077798912590394,0.30003273112118095,0.08332073263330896,0.44654940349166833,-1.0807505171022596,2
1.0589421811364124,-0.5731713494358432,1.1995523256416678,1.359305754786169,-0.45329826097516984,0.9252829253149278,1
-1.2104667402144091,-0.27900603009635633,1.3558664848595503,1.3042380234092048,-1.353145925442008,0.9252829253149278,1
-0.43554662072876277,-2.418178534709554,-0.12860066113863577,1.2974925799387946,-0.45329826097516984,0.9252829253149278,1
0.560779247181354,0.40265462758183096,-0.3479625911548782,-0.5176053534794421,-1.353145925442008,-1.0807505171022596,0
0.7821849956058243,0.4811039861609706,-1.1507071067665737,-1.2029432803796463,1.3463970679585064,-1.0807505171022596,3
-0.9890609917899387,-0.17291660647260668,-0.2696189547370781,-0.19595112512363533,0.44654940349166833,0.9252829253149278,0
1.5571051150914708,-0.7839879518907181,0.34826987663363723,0.6963346486613939,0.44654940349166833,0.9252829253149278,2
-0.43554662072876277,-0.23783533062602616,-0.17979140439787486,-0.08548035371133916,-0.45329826097516984,-1.0807505171022596,0
0.39472493586300117,0.8470282283759285,1.4935046756817005,0.7391495119540012,-1.353145925442008,0.9252829253149278,2
0.8375364327119419,-0.24845700412868219,-1.5046233451296205,-1.2574161924843317,1.3463970679585064,-1.0807505171022596,3
0.8375364327119419,-1.579481502534604,-0.02794117971074975,0.8190364717015431,-1.353145925442008,-1.0807505171022596,1
-1.763981111275585,1.2158584155226242,0.20298421530030933,-0.4217945200358785,0.44654940349166833,-1.0807505171022596,0
1.1696450553486475,0.8242359105935749,0.23031552316307527,-0.2350733102902602,1.3463970679585064,-1.0807505171022596,0
0.4500763729691188,-1.0784852810170005,0.27669401293552126,0.8086507360886579,0.44654940349166833,-1.0807505171022596,2
-0.43554662072876277,1.9344796577548782,0.059475898464419516,-0.797063724078545,-0.45329826097516984,0.9252829253149278,0
0.007264876120178013,1.6450354255788389,-1.3846797199502696,-1.7207718624178512,1.3463970679585064,0.9252829253149278,3
-1.763981111275585,-0.7640616661652144,1.6008915962173795,1.8719362172358833,-0.45329826097516984,0.9252829253149278,1
-0.6016009320471155,-0.6989842519763011,0.5932015649306843,0.8757198279094125,-0.45329826097516984,0.9252829253149278,1
1.6124565521975882,0.7227201398209976,-0.6265137569750477,-0.8674214563943535,0.44654940349166833,-1.0807505171022596,0
-1.2104667402144091,-0.055527711749089916,-1.0372319631315974,-0.91665793650789,-1.353145925442008,0.9252829253149278,0
-0.6016009320471155,0.2751248578037632,0.08492522018192193,-0.10303510192998519,-1.353145925442008,-1.0807505171022596,0
1.6124565521975882,-0.09168428888596476,0.590092089424944,0.5152971107889364,-0.45329826097516984,-1.0807505171022596,2
-0.49089805783488033,-1.076955698340547,-0.20699762232150093,0.3301664871348212,-0.45329826097516984,0.9252829253149278,2
1.6124565521975882,-0.694930192656104,1.8136468692134669,2.020126827667856,-0.45329826097516984,0.9252829253149278,1
0.1179677503324132,-0.16298492183232882,-0.6835818480060126,-0.5645655252995193,0.44654940349166833,-1.0807505171022596,0
-1.3211696144266443,-2.1312265912596113,0.24973379283673255,1.516586012073083,-1.353145925442008,0.9252829253149278,1
1.2803479295608826,-0.47458407884392617,-0.07310143251465094,0.1298153007984145,-0.45329826097516984,0.9252829253149278,2
-1.1551153031082915,-2.094228462013847,0.87870578280139,2.2004531798528846,-1.353145925442008,0.9252829253149278,1
1.391050803773118,0.9029631810803374,0.2972797903037285,-0.21757732746236277,0.44654940349166833,0.9252829253149278,0
-0.546249494940998,-0.7331708219490973,-1.3384605076777731,-0.9270867218216903,-0.45329826097516984,0.9252829253149278,0
-1.5425753628511147,-0.19543407549942876,-0.24480093807631448,-0.16341569572086775,-1.353145925442008,-1.0807505171022596,0
0.5054278100752364,1.6211007135572701,0.5324589433172083,-0.3465670212780479,1.3463970679585064,0.9252829253149278,0
0.6161306842874715,0.35884434108527924,0.6151192781280672,0.29548358486805065,0.44654940349166833,0.9252829253149278,2
1.0589421811364124,1.5156178471483162,0.3084101097258325,-0.4649871753279497,0.44654940349166833,0.9252829253149278,0
1.1142936182425298,0.3593172017337852,-1.3934473928354765,-1.362200535298543,-0.45329826097516984,0.9252829253149278,3
1.6124565521975882,0.2597726067597486,-0.2529495070282325,-0.3779700529476778,-0.45329826097516984,-1.0807505171022596,0
1.501753677985353,0.8379990513601611,0.28680750164971386,-0.19704914579958682,0.44654940349166833,0.9252829253149278,0
-0.7123038062593507,-0.8316720869036764,0.20941649287752764,0.5924671939333338,1.3463970679585064,-1.0807505171022596,2
0.5054278100752364,-0.09366694454752612,-0.417489287011083,-0.3619076865587226,1.3463970679585064,-1.0807505171022596,0
-1.1551153031082915,-0.16989554679799523,0.47397895012454,0.45692640679764107,1.3463970679585064,0.9252829253149278,2
-1.6532782370633499,0.22061030374620327,-2.4226671008267635,-2.1812450539258124,0.44654940349166833,0.9252829253149278,3
1.1142936182425298,0.14834856332807528,1.263696164479057,0.9548562909724124,1.3463970679585064,-1.0807505171022596,1
-1.7086296741694673,-0.2316645051323489,1.3142336361116584,1.2361981177866523,0.44654940349166833,-1.0807505171022596,1
-1.3211696144266443,1.415311269630248,-0.26626663112975585,-0.8445049812371799,-0.45329826097516984,-1.0807505171022596,0
-0.6569523691532331,-0.40799373736630984,-0.1649331661321852,0.01211489055682686,1.3463970679585064,-1.0807505171022596,2
0.7268335584997068,-0.8022382738371789,0.48335009510470134,0.836071969111522,1.3463970679585064,0.9252829253149278,1
1.1696450553486475,0.9087906185967703,-0.1155591397172817,-0.5395062452107825,-0.45329826097516984,0.9252829253149278,0
-0.8783581175777035,-1.516043131624779,-0.5147572912741829,0.2684859945251057,0.44654940349166833,0.9252829253149278,2
0.1179677503324132,-0.9163840055574519,0.26346390483407744,0.6953143981447998,-0.45329826097516984,-1.0807505171022596,2
1.6124565521975882,-0.8631840061576379,-2.4379110003273614,-1.9308909263542642,-1.353145925442008,0.9252829253149278,3
1.1142936182425298,0.7984708910983668,-0.8819465930688005,-1.0952537413583159,-0.45329826097516984,0.9252829253149278,3
0.06261631322629561,0.4779184483686869,0.6551674268332117,0.26741920347927267,0.44654940349166833,0.9252829253149278,2
-0.8783581175777035,1.9971840998536023,-0.2629823129225889,-1.0397715114528638,0.44654940349166833,0.9252829253149278,3
0.8375364327119419,-0.16012253681574495,-0.6007591087707139,-0.49299371996557095,-0.45329826097516984,0.9252829253149278,0
-1.6532782370633499,1.6471925497909947,0.02076370643094685,-0.7212723574273373,-1.353145925442008,-1.0807505171022596,0
1.501753677985353,1.3353387687078435,1.2350528608747058,0.2903621882149727,1.3463970679585064,0.9252829253149278,2
-1.0997638660021738,-0.643942286019964,-0.8228041983969695,-0.48052591701598873,-0.45329826097516984,0.9252829253149278,0
1.2803479295608826,-0.09901486770568109,-1.0527709505210603,-0.913646373344498,1.3463970679585064,-1.0807505171022596,0
0.1733191874385308,-1.3531389094670616,1.8379694361881211,2.584984782897335,1.3463970679585064,-1.0807505171022596,1
0.1733191874385308,0.4529827455063084,1.8481950869165302,1.2536603327627944,-1.353145925442008,-1.0807505171022596,1
1.1696450553486475,0.9583139490761354,-0.37366668094745575,-0.7578555954432188,-0.45329826097516984,-1.0807505171022596,0
-0.8230066804715859,-0.49647201075780434,0.31420706965336953,0.4961868623838804,-1.353145925442008,0.9252829253149278,2
-0.15878943519817476,-0.02488029623769962,0.35992448975545444,0.2794291824039859,1.3463970679585064,-1.0807505171022596,2
-0.8783581175777035,1.6462197364572504,1.6261491504862025,0.4215240132927468,1.3463970679585064,0.9252829253149278,2
1.1696450553486475,0.21840623166384096,-2.4427319687630398,-2.1975975952047944,1.3463970679585064,0.9252829253149278,3
0.6714821213935891,-0.677396015312758,0.12123936522524058,0.4197438619239516,-0.45329826097516984,0.9252829253149278,2
0.1733191874385308,-0.3584602517045678,-1.0639214961503152,-0.8224828195148803,1.3463970679585064,0.9252829253149278,0
-1.2658181773205266,1.1238745030036743,-1.1631750514194248,-1.4150041559030366,0.44654940349166833,-1.0807505171022596,3
0.06261631322629561,-0.46415560352297375,0.7328876924913709,0.8600371730771474,0.44654940349166833,-1.0807505171022596,1
-0.04808656098593958,-2.335926962537137,-0.11763633619783766,1.2483371524127256,-0.45329826097516984,-1.0807505171022596,1
-1.5979267999572322,0.03023715475243941,-0.10287982652763308,-0.14671582156015509,0.44654940349166833,-1.0807505171022596,0
0.8928878698180596,-0.9925342646905808,0.2677412877638892,0.7462015880145203,-1.353145925442008,-1.0807505171022596,2
0.1733191874385308,-0.3946635344945081,0.7244069901798413,0.810092529582612,0.44654940349166833,-1.0807505171022596,2
-0.6016009320471155,-0.10439021786164396,-0.762680233789058,-0.658393643753445,0.44654940349166833,-1.0807505171022596,0
-1.487223925744997,-1.0627368603867862,-0.9282439462805997,-0.38861641663406365,-0.45329826097516984,0.9252829253149278,0
-0.38019518362264515,-0.23499829700009892,1.4235524472948273,1.3353335266484183,-1.353145925442008,-1.0807505171022596,1
0.8375364327119419,-0.12577528756942125,-2.820187847648581,-2.4501748979981737,-0.45329826097516984,0.9252829253149278,3
-0.6016009320471155,1.1782594072403942,0.098171498396051,-0.4850105309459667,1.3463970679585064,-1.0807505171022596,0
-1.763981111275585,0.7897334847761893,1.4554629598905693,0.7410774250206146,-1.353145925442008,0.9252829253149278,2
-1.7086296741694673,0.9038487378223459,0.018539217877940266,-0.4337221439178247,-0.45329826097516984,0.9252829253149278,0
-0.9890609917899387,-0.04733862259708029,0.19489045260322302,0.1481959556318857,0.44654940349166833,-1.0807505171022596,2
1.391050803773118,1.7386718681682556,0.27131022775381775,-0.5779511931786224,1.3463970679585064,-1.0807505171022596,0
-1.5979267999572322,-0.0979139252626812,0.6313035016719344,0.5547052859778989,0.44654940349166833,-1.0807505171022596,2
-0.15878943519817476,-0.6268763642596323,-0.2365325419406483,0.05803545075856651,-1.353145925442008,-1.0807505171022596,2
0.1733191874385308,0.2990354650901314,-1.1686844366062208,-1.1561852667831882,1.3463970679585064,0.9252829253149278,3
